park,campground,site,verified
Algonquin,Tea Lake,1,0
Algonquin,Tea Lake,2,0
Algonquin,Tea Lake,3,0
Algonquin,Tea Lake,4,0
Algonquin,Tea Lake,5,0
Algonquin,Tea Lake,6,0
Algonquin,Tea Lake,7,0
Algonquin,Tea Lake,8,0
Algonquin,Tea Lake,9,0
Algonquin,Tea Lake,10,0
Algonquin,Tea Lake,11,0
Algonquin,Tea Lake,12,0
Algonquin,Tea Lake,13,0
Algonquin,Tea Lake,14,0
Algonquin,Tea Lake,15,0
Algonquin,Tea Lake,16,0
Algonquin,Tea Lake,17,0
Algonquin,Tea Lake,18,0
Algonquin,Tea Lake,19,0
Algonquin,Tea Lake,20,0
Algonquin,Tea Lake,21,0
Algonquin,Tea Lake,22,0
Algonquin,Tea Lake,23,0
Algonquin,Tea Lake,24,0
Algonquin,Tea Lake,25,0
Algonquin,Tea Lake,26,0
Algonquin,Tea Lake,27,0
Algonquin,Tea Lake,28,0
Algonquin,Tea Lake,29,0
Algonquin,Tea Lake,30,0
Algonquin,Tea Lake,31,0
Algonquin,Tea Lake,32,0
Algonquin,Tea Lake,33,0
Algonquin,Tea Lake,34,0
Algonquin,Tea Lake,35,0
Algonquin,Tea Lake,36,0
Algonquin,Tea Lake,37,0
Algonquin,Tea Lake,38,0
Algonquin,Tea Lake,39,0
Algonquin,Tea Lake,40,0
Algonquin,Tea Lake,41,0
Algonquin,Tea Lake,42,0
Algonquin,Tea Lake,43,0
Algonquin,Tea Lake,44,0
Algonquin,Tea Lake,45,0
Algonquin,Tea Lake,46,0
Algonquin,Canisbay Lake,1,0
Algonquin,Canisbay Lake,2,0
Algonquin,Canisbay Lake,3,0
Algonquin,Canisbay Lake,4,0
Algonquin,Canisbay Lake,5,0
Algonquin,Canisbay Lake,6,0
Algonquin,Canisbay Lake,7,0
Algonquin,Canisbay Lake,8,0
Algonquin,Canisbay Lake,9,0
Algonquin,Canisbay Lake,10,0
Algonquin,Canisbay Lake,11,0
Algonquin,Canisbay Lake,12,0
Algonquin,Canisbay Lake,13,0
Algonquin,Canisbay Lake,14,0
Algonquin,Canisbay Lake,15,0
Algonquin,Canisbay Lake,16,0
Algonquin,Canisbay Lake,17,0
Algonquin,Canisbay Lake,18,0
Algonquin,Canisbay Lake,19,0
Algonquin,Canisbay Lake,20,0
Algonquin,Canisbay Lake,21,0
Algonquin,Canisbay Lake,22,0
Algonquin,Canisbay Lake,23,0
Algonquin,Canisbay Lake,24,0
Algonquin,Canisbay Lake,25,0
Algonquin,Canisbay Lake,26,0
Algonquin,Canisbay Lake,27,0
Algonquin,Canisbay Lake,28,0
Algonquin,Canisbay Lake,29,0
Algonquin,Canisbay Lake,30,0
Algonquin,Canisbay Lake,31,0
Algonquin,Canisbay Lake,32,0
Algonquin,Canisbay Lake,33,0
Algonquin,Canisbay Lake,34,0
Algonquin,Canisbay Lake,35,0
Algonquin,Canisbay Lake,36,0
Algonquin,Canisbay Lake,37,0
Algonquin,Canisbay Lake,38,0
Algonquin,Canisbay Lake,39,0
Algonquin,Canisbay Lake,40,0
Algonquin,Canisbay Lake,41,0
Algonquin,Canisbay Lake,42,0
Algonquin,Canisbay Lake,43,0
Algonquin,Canisbay Lake,44,0
Algonquin,Canisbay Lake,45,0
Algonquin,Canisbay Lake,46,0
Algonquin,Canisbay Lake,47,0
Algonquin,Canisbay Lake,48,0
Algonquin,Canisbay Lake,49,0
Algonquin,Canisbay Lake,50,0
Algonquin,Canisbay Lake,51,0
Algonquin,Canisbay Lake,52,0
Algonquin,Canisbay Lake,53,0
Algonquin,Canisbay Lake,54,0
Algonquin,Canisbay Lake,55,0
Algonquin,Canisbay Lake,56,0
Algonquin,Canisbay Lake,57,0
Algonquin,Canisbay Lake,58,0
Algonquin,Canisbay Lake,59,0
Algonquin,Canisbay Lake,60,0
Algonquin,Canisbay Lake,61,0
Algonquin,Canisbay Lake,62,0
Algonquin,Canisbay Lake,63,0
Algonquin,Canisbay Lake,64,0
Algonquin,Canisbay Lake,65,0
Algonquin,Canisbay Lake,66,0
Algonquin,Canisbay Lake,67,0
Algonquin,Canisbay Lake,68,0
Algonquin,Canisbay Lake,69,0
Algonquin,Canisbay Lake,70,0
Algonquin,Canisbay Lake,71,0
Algonquin,Canisbay Lake,72,0
Algonquin,Canisbay Lake,73,0
Algonquin,Canisbay Lake,74,0
Algonquin,Canisbay Lake,75,0
Algonquin,Canisbay Lake,76,0
Algonquin,Canisbay Lake,77,0
Algonquin,Canisbay Lake,78,0
Algonquin,Canisbay Lake,79,0
Algonquin,Canisbay Lake,80,0
Algonquin,Canisbay Lake,81,0
Algonquin,Canisbay Lake,82,0
Algonquin,Canisbay Lake,83,0
Algonquin,Canisbay Lake,84,0
Algonquin,Canisbay Lake,85,0
Algonquin,Canisbay Lake,86,0
Algonquin,Canisbay Lake,87,0
Algonquin,Canisbay Lake,88,0
Algonquin,Canisbay Lake,89,0
Algonquin,Canisbay Lake,90,0
Algonquin,Canisbay Lake,91,0
Algonquin,Canisbay Lake,92,0
Algonquin,Canisbay Lake,93,0
Algonquin,Canisbay Lake,94,0
Algonquin,Canisbay Lake,95,0
Algonquin,Canisbay Lake,96,0
Algonquin,Canisbay Lake,97,0
Algonquin,Canisbay Lake,98,0
Algonquin,Canisbay Lake,99,0
Algonquin,Canisbay Lake,100,0
Algonquin,Canisbay Lake,101,0
Algonquin,Canisbay Lake,102,0
Algonquin,Canisbay Lake,103,0
Algonquin,Canisbay Lake,104,0
Algonquin,Canisbay Lake,105,0
Algonquin,Canisbay Lake,106,0
Algonquin,Canisbay Lake,107,0
Algonquin,Canisbay Lake,108,0
Algonquin,Canisbay Lake,109,0
Algonquin,Canisbay Lake,110,0
Algonquin,Canisbay Lake,111,0
Algonquin,Canisbay Lake,112,0
Algonquin,Canisbay Lake,113,0
Algonquin,Canisbay Lake,114,0
Algonquin,Canisbay Lake,115,0
Algonquin,Canisbay Lake,116,0
Algonquin,Canisbay Lake,117,0
Algonquin,Canisbay Lake,118,0
Algonquin,Canisbay Lake,119,0
Algonquin,Canisbay Lake,120,0
Algonquin,Canisbay Lake,121,0
Algonquin,Canisbay Lake,122,0
Algonquin,Canisbay Lake,123,0
Algonquin,Canisbay Lake,124,0
Algonquin,Canisbay Lake,125,0
Algonquin,Canisbay Lake,126,0
Algonquin,Canisbay Lake,127,0
Algonquin,Canisbay Lake,128,0
Algonquin,Canisbay Lake,129,0
Algonquin,Canisbay Lake,130,0
Algonquin,Canisbay Lake,131,0
Algonquin,Canisbay Lake,132,0
Algonquin,Canisbay Lake,133,0
Algonquin,Canisbay Lake,134,0
Algonquin,Canisbay Lake,135,0
Algonquin,Canisbay Lake,136,0
Algonquin,Canisbay Lake,137,0
Algonquin,Canisbay Lake,138,0
Algonquin,Canisbay Lake,139,0
Algonquin,Canisbay Lake,140,0
Algonquin,Canisbay Lake,141,0
Algonquin,Canisbay Lake,142,0
Algonquin,Canisbay Lake,143,0
Algonquin,Canisbay Lake,144,0
Algonquin,Canisbay Lake,145,0
Algonquin,Canisbay Lake,146,0
Algonquin,Canisbay Lake,147,0
Algonquin,Canisbay Lake,148,0
Algonquin,Canisbay Lake,149,0
Algonquin,Canisbay Lake,150,0
Algonquin,Canisbay Lake,151,0
Algonquin,Canisbay Lake,152,0
Algonquin,Canisbay Lake,153,0
Algonquin,Canisbay Lake,154,0
Algonquin,Canisbay Lake,155,0
Algonquin,Canisbay Lake,156,0
Algonquin,Canisbay Lake,157,0
Algonquin,Canisbay Lake,158,0
Algonquin,Canisbay Lake,159,0
Algonquin,Canisbay Lake,160,0
Algonquin,Canisbay Lake,161,0
Algonquin,Canisbay Lake,162,0
Algonquin,Canisbay Lake,163,0
Algonquin,Canisbay Lake,164,0
Algonquin,Canisbay Lake,165,0
Algonquin,Canisbay Lake,166,0
Algonquin,Canisbay Lake,167,0
Algonquin,Canisbay Lake,168,0
Algonquin,Canisbay Lake,169,0
Algonquin,Canisbay Lake,170,0
Algonquin,Canisbay Lake,171,0
Algonquin,Canisbay Lake,172,0
Algonquin,Canisbay Lake,173,0
Algonquin,Canisbay Lake,174,0
Algonquin,Canisbay Lake,175,0
Algonquin,Canisbay Lake,176,0
Algonquin,Canisbay Lake,177,0
Algonquin,Canisbay Lake,178,0
Algonquin,Canisbay Lake,179,0
Algonquin,Canisbay Lake,180,0
Algonquin,Canisbay Lake,181,0
Algonquin,Canisbay Lake,182,0
Algonquin,Canisbay Lake,183,0
Algonquin,Canisbay Lake,184,0
Algonquin,Canisbay Lake,185,0
Algonquin,Canisbay Lake,186,0
Algonquin,Canisbay Lake,187,0
Algonquin,Canisbay Lake,188,0
Algonquin,Canisbay Lake,189,0
Algonquin,Canisbay Lake,190,0
Algonquin,Canisbay Lake,191,0
Algonquin,Canisbay Lake,192,0
Algonquin,Canisbay Lake,193,0
Algonquin,Canisbay Lake,194,0
Algonquin,Canisbay Lake,195,0
Algonquin,Canisbay Lake,196,0
Algonquin,Canisbay Lake,197,0
Algonquin,Canisbay Lake,198,0
Algonquin,Canisbay Lake,199,0
Algonquin,Canisbay Lake,200,0
Algonquin,Canisbay Lake,201,0
Algonquin,Canisbay Lake,202,0
Algonquin,Canisbay Lake,203,0
Algonquin,Canisbay Lake,204,0
Algonquin,Canisbay Lake,205,0
Algonquin,Canisbay Lake,206,0
Algonquin,Canisbay Lake,207,0
Algonquin,Canisbay Lake,208,0
Algonquin,Canisbay Lake,209,0
Algonquin,Canisbay Lake,210,0
Algonquin,Canisbay Lake,211,0
Algonquin,Canisbay Lake,212,0
Algonquin,Canisbay Lake,213,0
Algonquin,Canisbay Lake,214,0
Algonquin,Canisbay Lake,215,0
Algonquin,Canisbay Lake,216,0
Algonquin,Canisbay Lake,217,0
Algonquin,Canisbay Lake,218,0
Algonquin,Canisbay Lake,219,0
Algonquin,Canisbay Lake,220,0
Algonquin,Canisbay Lake,221,0
Algonquin,Canisbay Lake,222,0
Algonquin,Canisbay Lake,223,0
Algonquin,Canisbay Lake,224,0
Algonquin,Canisbay Lake,225,0
Algonquin,Canisbay Lake,226,0
Algonquin,Canisbay Lake,227,0
Algonquin,Canisbay Lake,228,0
Algonquin,Canisbay Lake,229,0
Algonquin,Canisbay Lake,230,0
Algonquin,Canisbay Lake,231,0
Algonquin,Canisbay Lake,232,0
Algonquin,Canisbay Lake,233,0
Algonquin,Canisbay Lake,234,0
Algonquin,Canisbay Lake,235,0
Algonquin,Canisbay Lake,236,0
Algonquin,Canisbay Lake,237,0
Algonquin,Canisbay Lake,238,0
Algonquin,Canisbay Lake,239,0
Algonquin,Canisbay Lake,240,0
Algonquin,Canisbay Lake,241,0
Algonquin,Canisbay Lake,242,0
Algonquin,Mew Lake,1,0
Algonquin,Mew Lake,2,0
Algonquin,Mew Lake,3,0
Algonquin,Mew Lake,4,0
Algonquin,Mew Lake,5,0
Algonquin,Mew Lake,6,0
Algonquin,Mew Lake,7,0
Algonquin,Mew Lake,8,0
Algonquin,Mew Lake,9,0
Algonquin,Mew Lake,10,0
Algonquin,Mew Lake,11,0
Algonquin,Mew Lake,12,0
Algonquin,Mew Lake,13,0
Algonquin,Mew Lake,14,0
Algonquin,Mew Lake,15,0
Algonquin,Mew Lake,16,0
Algonquin,Mew Lake,17,0
Algonquin,Mew Lake,18,0
Algonquin,Mew Lake,19,0
Algonquin,Mew Lake,20,0
Algonquin,Mew Lake,21,0
Algonquin,Mew Lake,22,0
Algonquin,Mew Lake,23,0
Algonquin,Mew Lake,24,0
Algonquin,Mew Lake,25,0
Algonquin,Mew Lake,26,0
Algonquin,Mew Lake,27,0
Algonquin,Mew Lake,28,0
Algonquin,Mew Lake,29,0
Algonquin,Mew Lake,30,0
Algonquin,Mew Lake,31,0
Algonquin,Mew Lake,32,0
Algonquin,Mew Lake,33,0
Algonquin,Mew Lake,34,0
Algonquin,Mew Lake,35,0
Algonquin,Mew Lake,36,0
Algonquin,Mew Lake,37,0
Algonquin,Mew Lake,38,0
Algonquin,Mew Lake,39,0
Algonquin,Mew Lake,40,0
Algonquin,Mew Lake,41,0
Algonquin,Mew Lake,42,0
Algonquin,Mew Lake,43,0
Algonquin,Mew Lake,44,0
Algonquin,Mew Lake,45,0
Algonquin,Mew Lake,46,0
Algonquin,Mew Lake,47,0
Algonquin,Mew Lake,48,0
Algonquin,Mew Lake,49,0
Algonquin,Mew Lake,50,0
Algonquin,Mew Lake,51,0
Algonquin,Mew Lake,52,0
Algonquin,Mew Lake,53,0
Algonquin,Mew Lake,54,0
Algonquin,Mew Lake,55,0
Algonquin,Mew Lake,56,0
Algonquin,Mew Lake,57,0
Algonquin,Mew Lake,58,0
Algonquin,Mew Lake,59,0
Algonquin,Mew Lake,60,0
Algonquin,Mew Lake,61,0
Algonquin,Mew Lake,62,0
Algonquin,Mew Lake,63,0
Algonquin,Mew Lake,64,0
Algonquin,Mew Lake,65,0
Algonquin,Mew Lake,66,0
Algonquin,Mew Lake,67,0
Algonquin,Mew Lake,68,0
Algonquin,Mew Lake,69,0
Algonquin,Mew Lake,70,0
Algonquin,Mew Lake,71,0
Algonquin,Mew Lake,72,0
Algonquin,Mew Lake,73,0
Algonquin,Mew Lake,74,0
Algonquin,Mew Lake,75,0
Algonquin,Mew Lake,76,0
Algonquin,Mew Lake,77,0
Algonquin,Mew Lake,78,0
Algonquin,Mew Lake,79,0
Algonquin,Mew Lake,80,0
Algonquin,Mew Lake,81,0
Algonquin,Mew Lake,82,0
Algonquin,Mew Lake,83,0
Algonquin,Mew Lake,84,0
Algonquin,Mew Lake,85,0
Algonquin,Mew Lake,86,0
Algonquin,Mew Lake,87,0
Algonquin,Mew Lake,88,0
Algonquin,Mew Lake,89,0
Algonquin,Mew Lake,90,0
Algonquin,Mew Lake,91,0
Algonquin,Mew Lake,92,0
Algonquin,Mew Lake,93,0
Algonquin,Mew Lake,94,0
Algonquin,Mew Lake,95,0
Algonquin,Mew Lake,96,0
Algonquin,Mew Lake,97,0
Algonquin,Mew Lake,98,0
Algonquin,Mew Lake,99,0
Algonquin,Mew Lake,100,0
Algonquin,Mew Lake,101,0
Algonquin,Mew Lake,102,0
Algonquin,Mew Lake,103,0
Algonquin,Mew Lake,104,0
Algonquin,Mew Lake,105,0
Algonquin,Mew Lake,106,0
Algonquin,Mew Lake,107,0
Algonquin,Mew Lake,108,0
Algonquin,Mew Lake,109,0
Algonquin,Mew Lake,110,0
Algonquin,Mew Lake,111,0
Algonquin,Mew Lake,112,0
Algonquin,Mew Lake,113,0
Algonquin,Mew Lake,114,0
Algonquin,Mew Lake,115,0
Algonquin,Mew Lake,116,0
Algonquin,Mew Lake,117,0
Algonquin,Mew Lake,118,0
Algonquin,Mew Lake,119,0
Algonquin,Mew Lake,120,0
Algonquin,Mew Lake,121,0
Algonquin,Mew Lake,122,0
Algonquin,Mew Lake,123,0
Algonquin,Mew Lake,124,0
Algonquin,Mew Lake,125,0
Algonquin,Mew Lake,126,0
Algonquin,Mew Lake,127,0
Algonquin,Mew Lake,128,0
Algonquin,Mew Lake,129,0
Algonquin,Mew Lake,130,0
Algonquin,Lake of Two Rivers,1,0
Algonquin,Lake of Two Rivers,2,0
Algonquin,Lake of Two Rivers,3,0
Algonquin,Lake of Two Rivers,4,0
Algonquin,Lake of Two Rivers,5,0
Algonquin,Lake of Two Rivers,6,0
Algonquin,Lake of Two Rivers,7,0
Algonquin,Lake of Two Rivers,8,0
Algonquin,Lake of Two Rivers,9,0
Algonquin,Lake of Two Rivers,10,0
Algonquin,Lake of Two Rivers,11,0
Algonquin,Lake of Two Rivers,12,0
Algonquin,Lake of Two Rivers,13,0
Algonquin,Lake of Two Rivers,14,0
Algonquin,Lake of Two Rivers,15,0
Algonquin,Lake of Two Rivers,16,0
Algonquin,Lake of Two Rivers,17,0
Algonquin,Lake of Two Rivers,18,0
Algonquin,Lake of Two Rivers,19,0
Algonquin,Lake of Two Rivers,20,0
Algonquin,Lake of Two Rivers,21,0
Algonquin,Lake of Two Rivers,22,0
Algonquin,Lake of Two Rivers,23,0
Algonquin,Lake of Two Rivers,24,0
Algonquin,Lake of Two Rivers,25,0
Algonquin,Lake of Two Rivers,26,0
Algonquin,Lake of Two Rivers,27,0
Algonquin,Lake of Two Rivers,28,0
Algonquin,Lake of Two Rivers,29,0
Algonquin,Lake of Two Rivers,30,0
Algonquin,Lake of Two Rivers,31,0
Algonquin,Lake of Two Rivers,32,0
Algonquin,Lake of Two Rivers,33,0
Algonquin,Lake of Two Rivers,34,0
Algonquin,Lake of Two Rivers,35,0
Algonquin,Lake of Two Rivers,36,0
Algonquin,Lake of Two Rivers,37,0
Algonquin,Lake of Two Rivers,38,0
Algonquin,Lake of Two Rivers,39,0
Algonquin,Lake of Two Rivers,40,0
Algonquin,Lake of Two Rivers,41,0
Algonquin,Lake of Two Rivers,42,0
Algonquin,Lake of Two Rivers,43,0
Algonquin,Lake of Two Rivers,44,0
Algonquin,Lake of Two Rivers,45,0
Algonquin,Lake of Two Rivers,46,0
Algonquin,Lake of Two Rivers,47,0
Algonquin,Lake of Two Rivers,48,0
Algonquin,Lake of Two Rivers,49,0
Algonquin,Lake of Two Rivers,50,0
Algonquin,Lake of Two Rivers,51,0
Algonquin,Lake of Two Rivers,52,0
Algonquin,Lake of Two Rivers,53,0
Algonquin,Lake of Two Rivers,54,0
Algonquin,Lake of Two Rivers,55,0
Algonquin,Lake of Two Rivers,56,0
Algonquin,Lake of Two Rivers,57,0
Algonquin,Lake of Two Rivers,58,0
Algonquin,Lake of Two Rivers,59,0
Algonquin,Lake of Two Rivers,60,0
Algonquin,Lake of Two Rivers,61,0
Algonquin,Lake of Two Rivers,62,0
Algonquin,Lake of Two Rivers,63,0
Algonquin,Lake of Two Rivers,64,0
Algonquin,Lake of Two Rivers,65,0
Algonquin,Lake of Two Rivers,66,0
Algonquin,Lake of Two Rivers,67,0
Algonquin,Lake of Two Rivers,68,0
Algonquin,Lake of Two Rivers,69,0
Algonquin,Lake of Two Rivers,70,0
Algonquin,Lake of Two Rivers,71,0
Algonquin,Lake of Two Rivers,72,0
Algonquin,Lake of Two Rivers,73,0
Algonquin,Lake of Two Rivers,74,0
Algonquin,Lake of Two Rivers,75,0
Algonquin,Lake of Two Rivers,76,0
Algonquin,Lake of Two Rivers,77,0
Algonquin,Lake of Two Rivers,78,0
Algonquin,Lake of Two Rivers,79,0
Algonquin,Lake of Two Rivers,80,0
Algonquin,Lake of Two Rivers,81,0
Algonquin,Lake of Two Rivers,82,0
Algonquin,Lake of Two Rivers,83,0
Algonquin,Lake of Two Rivers,84,0
Algonquin,Lake of Two Rivers,85,0
Algonquin,Lake of Two Rivers,86,0
Algonquin,Lake of Two Rivers,87,0
Algonquin,Lake of Two Rivers,88,0
Algonquin,Lake of Two Rivers,89,0
Algonquin,Lake of Two Rivers,90,0
Algonquin,Lake of Two Rivers,91,0
Algonquin,Lake of Two Rivers,92,0
Algonquin,Lake of Two Rivers,93,0
Algonquin,Lake of Two Rivers,94,0
Algonquin,Lake of Two Rivers,95,0
Algonquin,Lake of Two Rivers,96,0
Algonquin,Lake of Two Rivers,97,0
Algonquin,Lake of Two Rivers,98,0
Algonquin,Lake of Two Rivers,99,0
Algonquin,Lake of Two Rivers,100,0
Algonquin,Lake of Two Rivers,101,0
Algonquin,Lake of Two Rivers,102,0
Algonquin,Lake of Two Rivers,103,0
Algonquin,Lake of Two Rivers,104,0
Algonquin,Lake of Two Rivers,105,0
Algonquin,Lake of Two Rivers,106,0
Algonquin,Lake of Two Rivers,107,0
Algonquin,Lake of Two Rivers,108,0
Algonquin,Lake of Two Rivers,109,0
Algonquin,Lake of Two Rivers,110,0
Algonquin,Lake of Two Rivers,111,0
Algonquin,Lake of Two Rivers,112,0
Algonquin,Lake of Two Rivers,113,0
Algonquin,Lake of Two Rivers,114,0
Algonquin,Lake of Two Rivers,115,0
Algonquin,Lake of Two Rivers,116,0
Algonquin,Lake of Two Rivers,117,0
Algonquin,Lake of Two Rivers,118,0
Algonquin,Lake of Two Rivers,119,0
Algonquin,Lake of Two Rivers,120,0
Algonquin,Lake of Two Rivers,121,0
Algonquin,Lake of Two Rivers,122,0
Algonquin,Lake of Two Rivers,123,0
Algonquin,Lake of Two Rivers,124,0
Algonquin,Lake of Two Rivers,125,0
Algonquin,Lake of Two Rivers,126,0
Algonquin,Lake of Two Rivers,127,0
Algonquin,Lake of Two Rivers,128,0
Algonquin,Lake of Two Rivers,129,0
Algonquin,Lake of Two Rivers,130,0
Algonquin,Lake of Two Rivers,131,0
Algonquin,Lake of Two Rivers,132,0
Algonquin,Lake of Two Rivers,133,0
Algonquin,Lake of Two Rivers,134,0
Algonquin,Lake of Two Rivers,135,0
Algonquin,Lake of Two Rivers,136,0
Algonquin,Lake of Two Rivers,137,0
Algonquin,Lake of Two Rivers,138,0
Algonquin,Lake of Two Rivers,139,0
Algonquin,Lake of Two Rivers,140,0
Algonquin,Lake of Two Rivers,141,0
Algonquin,Lake of Two Rivers,142,0
Algonquin,Lake of Two Rivers,143,0
Algonquin,Lake of Two Rivers,144,0
Algonquin,Lake of Two Rivers,145,0
Algonquin,Lake of Two Rivers,146,0
Algonquin,Lake of Two Rivers,147,0
Algonquin,Lake of Two Rivers,148,0
Algonquin,Lake of Two Rivers,149,0
Algonquin,Lake of Two Rivers,150,0
Algonquin,Lake of Two Rivers,151,0
Algonquin,Lake of Two Rivers,152,0
Algonquin,Lake of Two Rivers,153,0
Algonquin,Lake of Two Rivers,154,0
Algonquin,Lake of Two Rivers,155,0
Algonquin,Lake of Two Rivers,156,0
Algonquin,Lake of Two Rivers,157,0
Algonquin,Lake of Two Rivers,158,0
Algonquin,Lake of Two Rivers,159,0
Algonquin,Lake of Two Rivers,160,0
Algonquin,Lake of Two Rivers,161,0
Algonquin,Lake of Two Rivers,162,0
Algonquin,Lake of Two Rivers,163,0
Algonquin,Lake of Two Rivers,164,0
Algonquin,Lake of Two Rivers,165,0
Algonquin,Lake of Two Rivers,166,0
Algonquin,Lake of Two Rivers,167,0
Algonquin,Lake of Two Rivers,168,0
Algonquin,Lake of Two Rivers,169,0
Algonquin,Lake of Two Rivers,170,0
Algonquin,Lake of Two Rivers,171,0
Algonquin,Lake of Two Rivers,172,0
Algonquin,Lake of Two Rivers,173,0
Algonquin,Lake of Two Rivers,174,0
Algonquin,Lake of Two Rivers,175,0
Algonquin,Lake of Two Rivers,176,0
Algonquin,Lake of Two Rivers,177,0
Algonquin,Lake of Two Rivers,178,0
Algonquin,Lake of Two Rivers,179,0
Algonquin,Lake of Two Rivers,180,0
Algonquin,Lake of Two Rivers,181,0
Algonquin,Lake of Two Rivers,182,0
Algonquin,Lake of Two Rivers,183,0
Algonquin,Lake of Two Rivers,184,0
Algonquin,Lake of Two Rivers,185,0
Algonquin,Lake of Two Rivers,186,0
Algonquin,Lake of Two Rivers,187,0
Algonquin,Lake of Two Rivers,188,0
Algonquin,Lake of Two Rivers,189,0
Algonquin,Lake of Two Rivers,190,0
Algonquin,Lake of Two Rivers,191,0
Algonquin,Lake of Two Rivers,192,0
Algonquin,Lake of Two Rivers,193,0
Algonquin,Lake of Two Rivers,194,0
Algonquin,Lake of Two Rivers,195,0
Algonquin,Lake of Two Rivers,196,0
Algonquin,Lake of Two Rivers,197,0
Algonquin,Lake of Two Rivers,198,0
Algonquin,Lake of Two Rivers,199,0
Algonquin,Lake of Two Rivers,200,0
Algonquin,Lake of Two Rivers,201,0
Algonquin,Lake of Two Rivers,202,0
Algonquin,Lake of Two Rivers,203,0
Algonquin,Lake of Two Rivers,204,0
Algonquin,Lake of Two Rivers,205,0
Algonquin,Lake of Two Rivers,206,0
Algonquin,Lake of Two Rivers,207,0
Algonquin,Lake of Two Rivers,208,0
Algonquin,Lake of Two Rivers,209,0
Algonquin,Lake of Two Rivers,210,0
Algonquin,Lake of Two Rivers,211,0
Algonquin,Lake of Two Rivers,212,0
Algonquin,Lake of Two Rivers,213,0
Algonquin,Lake of Two Rivers,214,0
Algonquin,Lake of Two Rivers,215,0
Algonquin,Lake of Two Rivers,216,0
Algonquin,Lake of Two Rivers,217,0
Algonquin,Lake of Two Rivers,218,0
Algonquin,Lake of Two Rivers,219,0
Algonquin,Lake of Two Rivers,220,0
Algonquin,Lake of Two Rivers,221,0
Algonquin,Lake of Two Rivers,222,0
Algonquin,Lake of Two Rivers,223,0
Algonquin,Lake of Two Rivers,224,0
Algonquin,Lake of Two Rivers,225,0
Algonquin,Lake of Two Rivers,226,0
Algonquin,Lake of Two Rivers,227,0
Algonquin,Lake of Two Rivers,228,0
Algonquin,Lake of Two Rivers,229,0
Algonquin,Lake of Two Rivers,230,0
Algonquin,Lake of Two Rivers,231,0
Algonquin,Lake of Two Rivers,232,0
Algonquin,Lake of Two Rivers,233,0
Algonquin,Lake of Two Rivers,234,0
Algonquin,Lake of Two Rivers,235,0
Algonquin,Lake of Two Rivers,236,0
Algonquin,Lake of Two Rivers,237,0
Algonquin,Lake of Two Rivers,238,0
Algonquin,Lake of Two Rivers,239,0
Algonquin,Lake of Two Rivers,240,0
Algonquin,Lake of Two Rivers,241,0
Algonquin,Pog Lake,1,0
Algonquin,Pog Lake,2,0
Algonquin,Pog Lake,3,0
Algonquin,Pog Lake,4,0
Algonquin,Pog Lake,5,0
Algonquin,Pog Lake,6,0
Algonquin,Pog Lake,7,0
Algonquin,Pog Lake,8,0
Algonquin,Pog Lake,9,0
Algonquin,Pog Lake,10,0
Algonquin,Pog Lake,11,0
Algonquin,Pog Lake,12,0
Algonquin,Pog Lake,13,0
Algonquin,Pog Lake,14,0
Algonquin,Pog Lake,15,0
Algonquin,Pog Lake,16,0
Algonquin,Pog Lake,17,0
Algonquin,Pog Lake,18,0
Algonquin,Pog Lake,19,0
Algonquin,Pog Lake,20,0
Algonquin,Pog Lake,21,0
Algonquin,Pog Lake,22,0
Algonquin,Pog Lake,23,0
Algonquin,Pog Lake,24,0
Algonquin,Pog Lake,25,0
Algonquin,Pog Lake,26,0
Algonquin,Pog Lake,27,0
Algonquin,Pog Lake,28,0
Algonquin,Pog Lake,29,0
Algonquin,Pog Lake,30,0
Algonquin,Pog Lake,31,0
Algonquin,Pog Lake,32,0
Algonquin,Pog Lake,33,0
Algonquin,Pog Lake,34,0
Algonquin,Pog Lake,35,0
Algonquin,Pog Lake,36,0
Algonquin,Pog Lake,37,0
Algonquin,Pog Lake,38,0
Algonquin,Pog Lake,39,0
Algonquin,Pog Lake,40,0
Algonquin,Pog Lake,41,0
Algonquin,Pog Lake,42,0
Algonquin,Pog Lake,43,0
Algonquin,Pog Lake,44,0
Algonquin,Pog Lake,45,0
Algonquin,Pog Lake,46,0
Algonquin,Pog Lake,47,0
Algonquin,Pog Lake,48,0
Algonquin,Pog Lake,49,0
Algonquin,Pog Lake,50,0
Algonquin,Pog Lake,51,0
Algonquin,Pog Lake,52,0
Algonquin,Pog Lake,53,0
Algonquin,Pog Lake,54,0
Algonquin,Pog Lake,55,0
Algonquin,Pog Lake,56,0
Algonquin,Pog Lake,57,0
Algonquin,Pog Lake,58,0
Algonquin,Pog Lake,59,0
Algonquin,Pog Lake,60,0
Algonquin,Pog Lake,61,0
Algonquin,Pog Lake,62,0
Algonquin,Pog Lake,63,0
Algonquin,Pog Lake,64,0
Algonquin,Pog Lake,65,0
Algonquin,Pog Lake,66,0
Algonquin,Pog Lake,67,0
Algonquin,Pog Lake,68,0
Algonquin,Pog Lake,69,0
Algonquin,Pog Lake,70,0
Algonquin,Pog Lake,71,0
Algonquin,Pog Lake,72,0
Algonquin,Pog Lake,73,0
Algonquin,Pog Lake,74,0
Algonquin,Pog Lake,75,0
Algonquin,Pog Lake,76,0
Algonquin,Pog Lake,77,0
Algonquin,Pog Lake,78,0
Algonquin,Pog Lake,79,0
Algonquin,Pog Lake,80,0
Algonquin,Pog Lake,81,0
Algonquin,Pog Lake,82,0
Algonquin,Pog Lake,83,0
Algonquin,Pog Lake,84,0
Algonquin,Pog Lake,85,0
Algonquin,Pog Lake,86,0
Algonquin,Pog Lake,87,0
Algonquin,Pog Lake,88,0
Algonquin,Pog Lake,89,0
Algonquin,Pog Lake,90,0
Algonquin,Pog Lake,91,0
Algonquin,Pog Lake,92,0
Algonquin,Pog Lake,93,0
Algonquin,Pog Lake,94,0
Algonquin,Pog Lake,95,0
Algonquin,Pog Lake,96,0
Algonquin,Pog Lake,97,0
Algonquin,Pog Lake,98,0
Algonquin,Pog Lake,99,0
Algonquin,Pog Lake,100,0
Algonquin,Pog Lake,101,0
Algonquin,Pog Lake,102,0
Algonquin,Pog Lake,103,0
Algonquin,Pog Lake,104,0
Algonquin,Pog Lake,105,0
Algonquin,Pog Lake,106,0
Algonquin,Pog Lake,107,0
Algonquin,Pog Lake,108,0
Algonquin,Pog Lake,109,0
Algonquin,Pog Lake,110,0
Algonquin,Pog Lake,111,0
Algonquin,Pog Lake,112,0
Algonquin,Pog Lake,113,0
Algonquin,Pog Lake,114,0
Algonquin,Pog Lake,115,0
Algonquin,Pog Lake,116,0
Algonquin,Pog Lake,117,0
Algonquin,Pog Lake,118,0
Algonquin,Pog Lake,119,0
Algonquin,Pog Lake,120,0
Algonquin,Pog Lake,121,0
Algonquin,Pog Lake,122,0
Algonquin,Pog Lake,123,0
Algonquin,Pog Lake,124,0
Algonquin,Pog Lake,125,0
Algonquin,Pog Lake,126,0
Algonquin,Pog Lake,127,0
Algonquin,Pog Lake,128,0
Algonquin,Pog Lake,129,0
Algonquin,Pog Lake,130,0
Algonquin,Pog Lake,131,0
Algonquin,Pog Lake,132,0
Algonquin,Pog Lake,133,0
Algonquin,Pog Lake,134,0
Algonquin,Pog Lake,135,0
Algonquin,Pog Lake,136,0
Algonquin,Pog Lake,137,0
Algonquin,Pog Lake,138,0
Algonquin,Pog Lake,139,0
Algonquin,Pog Lake,140,0
Algonquin,Pog Lake,141,0
Algonquin,Pog Lake,142,0
Algonquin,Pog Lake,143,0
Algonquin,Pog Lake,144,0
Algonquin,Pog Lake,145,0
Algonquin,Pog Lake,146,0
Algonquin,Pog Lake,147,0
Algonquin,Pog Lake,148,0
Algonquin,Pog Lake,149,0
Algonquin,Pog Lake,150,0
Algonquin,Pog Lake,151,0
Algonquin,Pog Lake,152,0
Algonquin,Pog Lake,153,0
Algonquin,Pog Lake,154,0
Algonquin,Pog Lake,155,0
Algonquin,Pog Lake,156,0
Algonquin,Pog Lake,157,0
Algonquin,Pog Lake,158,0
Algonquin,Pog Lake,159,0
Algonquin,Pog Lake,160,0
Algonquin,Pog Lake,161,0
Algonquin,Pog Lake,162,0
Algonquin,Pog Lake,163,0
Algonquin,Pog Lake,164,0
Algonquin,Pog Lake,165,0
Algonquin,Pog Lake,166,0
Algonquin,Pog Lake,167,0
Algonquin,Pog Lake,168,0
Algonquin,Pog Lake,169,0
Algonquin,Pog Lake,170,0
Algonquin,Pog Lake,171,0
Algonquin,Pog Lake,172,0
Algonquin,Pog Lake,173,0
Algonquin,Pog Lake,174,0
Algonquin,Pog Lake,175,0
Algonquin,Pog Lake,176,0
Algonquin,Pog Lake,177,0
Algonquin,Pog Lake,178,0
Algonquin,Pog Lake,179,0
Algonquin,Pog Lake,180,0
Algonquin,Pog Lake,181,0
Algonquin,Pog Lake,182,0
Algonquin,Pog Lake,183,0
Algonquin,Pog Lake,184,0
Algonquin,Pog Lake,185,0
Algonquin,Pog Lake,186,0
Algonquin,Pog Lake,187,0
Algonquin,Pog Lake,188,0
Algonquin,Pog Lake,189,0
Algonquin,Pog Lake,190,0
Algonquin,Pog Lake,191,0
Algonquin,Pog Lake,192,0
Algonquin,Pog Lake,193,0
Algonquin,Pog Lake,194,0
Algonquin,Pog Lake,195,0
Algonquin,Pog Lake,196,0
Algonquin,Pog Lake,197,0
Algonquin,Pog Lake,198,0
Algonquin,Pog Lake,199,0
Algonquin,Pog Lake,200,0
Algonquin,Pog Lake,201,0
Algonquin,Pog Lake,202,0
Algonquin,Pog Lake,203,0
Algonquin,Pog Lake,204,0
Algonquin,Pog Lake,205,0
Algonquin,Pog Lake,206,0
Algonquin,Pog Lake,207,0
Algonquin,Pog Lake,208,0
Algonquin,Pog Lake,209,0
Algonquin,Pog Lake,210,0
Algonquin,Pog Lake,211,0
Algonquin,Pog Lake,212,0
Algonquin,Pog Lake,213,0
Algonquin,Pog Lake,214,0
Algonquin,Pog Lake,215,0
Algonquin,Pog Lake,216,0
Algonquin,Pog Lake,217,0
Algonquin,Pog Lake,218,0
Algonquin,Pog Lake,219,0
Algonquin,Pog Lake,220,0
Algonquin,Pog Lake,221,0
Algonquin,Pog Lake,222,0
Algonquin,Pog Lake,223,0
Algonquin,Pog Lake,224,0
Algonquin,Pog Lake,225,0
Algonquin,Pog Lake,226,0
Algonquin,Pog Lake,227,0
Algonquin,Pog Lake,228,0
Algonquin,Pog Lake,229,0
Algonquin,Pog Lake,230,0
Algonquin,Pog Lake,231,0
Algonquin,Pog Lake,232,0
Algonquin,Pog Lake,233,0
Algonquin,Pog Lake,234,0
Algonquin,Pog Lake,235,0
Algonquin,Pog Lake,236,0
Algonquin,Pog Lake,237,0
Algonquin,Pog Lake,238,0
Algonquin,Pog Lake,239,0
Algonquin,Pog Lake,240,0
Algonquin,Pog Lake,241,0
Algonquin,Pog Lake,242,0
Algonquin,Pog Lake,243,0
Algonquin,Pog Lake,244,0
Algonquin,Pog Lake,245,0
Algonquin,Pog Lake,246,0
Algonquin,Pog Lake,247,0
Algonquin,Pog Lake,248,0
Algonquin,Pog Lake,249,0
Algonquin,Pog Lake,250,0
Algonquin,Pog Lake,251,0
Algonquin,Pog Lake,252,0
Algonquin,Pog Lake,253,0
Algonquin,Pog Lake,254,0
Algonquin,Pog Lake,255,0
Algonquin,Pog Lake,256,0
Algonquin,Pog Lake,257,0
Algonquin,Pog Lake,258,0
Algonquin,Pog Lake,259,0
Algonquin,Pog Lake,260,0
Algonquin,Pog Lake,261,0
Algonquin,Pog Lake,262,0
Algonquin,Pog Lake,263,0
Algonquin,Pog Lake,264,0
Algonquin,Pog Lake,265,0
Algonquin,Pog Lake,266,0
Algonquin,Pog Lake,267,0
Algonquin,Pog Lake,268,0
Algonquin,Pog Lake,269,0
Algonquin,Pog Lake,270,0
Algonquin,Pog Lake,271,0
Algonquin,Pog Lake,272,0
Algonquin,Pog Lake,273,0
Algonquin,Pog Lake,274,0
Algonquin,Pog Lake,275,0
Algonquin,Pog Lake,276,0
Algonquin,Pog Lake,277,0
Algonquin,Pog Lake,278,0
Algonquin,Pog Lake,279,0
Algonquin,Pog Lake,280,0
Algonquin,Pog Lake,281,0
Algonquin,Pog Lake,282,0
Algonquin,Pog Lake,283,0
Algonquin,Pog Lake,284,0
Algonquin,Pog Lake,285,0
Algonquin,Pog Lake,286,0
Algonquin,Kearney Lake,1,0
Algonquin,Kearney Lake,2,0
Algonquin,Kearney Lake,3,0
Algonquin,Kearney Lake,4,0
Algonquin,Kearney Lake,5,0
Algonquin,Kearney Lake,6,0
Algonquin,Kearney Lake,7,0
Algonquin,Kearney Lake,8,0
Algonquin,Kearney Lake,9,0
Algonquin,Kearney Lake,10,0
Algonquin,Kearney Lake,11,0
Algonquin,Kearney Lake,12,0
Algonquin,Kearney Lake,13,0
Algonquin,Kearney Lake,14,0
Algonquin,Kearney Lake,15,0
Algonquin,Kearney Lake,16,0
Algonquin,Kearney Lake,17,0
Algonquin,Kearney Lake,18,0
Algonquin,Kearney Lake,19,0
Algonquin,Kearney Lake,20,0
Algonquin,Kearney Lake,21,0
Algonquin,Kearney Lake,22,0
Algonquin,Kearney Lake,23,0
Algonquin,Kearney Lake,24,0
Algonquin,Kearney Lake,25,0
Algonquin,Kearney Lake,26,0
Algonquin,Kearney Lake,27,0
Algonquin,Kearney Lake,28,0
Algonquin,Kearney Lake,29,0
Algonquin,Kearney Lake,30,0
Algonquin,Kearney Lake,31,0
Algonquin,Kearney Lake,32,0
Algonquin,Kearney Lake,33,0
Algonquin,Kearney Lake,34,0
Algonquin,Kearney Lake,35,0
Algonquin,Kearney Lake,36,0
Algonquin,Kearney Lake,37,0
Algonquin,Kearney Lake,38,0
Algonquin,Kearney Lake,39,0
Algonquin,Kearney Lake,40,0
Algonquin,Kearney Lake,41,0
Algonquin,Kearney Lake,42,0
Algonquin,Kearney Lake,43,0
Algonquin,Kearney Lake,44,0
Algonquin,Kearney Lake,45,0
Algonquin,Kearney Lake,46,0
Algonquin,Kearney Lake,47,0
Algonquin,Kearney Lake,48,0
Algonquin,Kearney Lake,49,0
Algonquin,Kearney Lake,50,0
Algonquin,Kearney Lake,51,0
Algonquin,Kearney Lake,52,0
Algonquin,Kearney Lake,53,0
Algonquin,Kearney Lake,54,0
Algonquin,Kearney Lake,55,0
Algonquin,Kearney Lake,56,0
Algonquin,Kearney Lake,57,0
Algonquin,Kearney Lake,58,0
Algonquin,Kearney Lake,59,0
Algonquin,Kearney Lake,60,0
Algonquin,Kearney Lake,61,0
Algonquin,Kearney Lake,62,0
Algonquin,Kearney Lake,63,0
Algonquin,Kearney Lake,64,0
Algonquin,Kearney Lake,65,0
Algonquin,Kearney Lake,66,0
Algonquin,Kearney Lake,67,0
Algonquin,Kearney Lake,68,0
Algonquin,Kearney Lake,69,0
Algonquin,Kearney Lake,70,0
Algonquin,Kearney Lake,71,0
Algonquin,Kearney Lake,72,0
Algonquin,Kearney Lake,73,0
Algonquin,Kearney Lake,74,0
Algonquin,Kearney Lake,75,0
Algonquin,Kearney Lake,76,0
Algonquin,Kearney Lake,77,0
Algonquin,Kearney Lake,78,0
Algonquin,Kearney Lake,79,0
Algonquin,Kearney Lake,80,0
Algonquin,Kearney Lake,81,0
Algonquin,Kearney Lake,82,0
Algonquin,Kearney Lake,83,0
Algonquin,Kearney Lake,84,0
Algonquin,Kearney Lake,85,0
Algonquin,Kearney Lake,86,0
Algonquin,Kearney Lake,87,0
Algonquin,Kearney Lake,88,0
Algonquin,Kearney Lake,89,0
Algonquin,Kearney Lake,90,0
Algonquin,Kearney Lake,91,0
Algonquin,Kearney Lake,92,0
Algonquin,Kearney Lake,93,0
Algonquin,Kearney Lake,94,0
Algonquin,Kearney Lake,95,0
Algonquin,Kearney Lake,96,0
Algonquin,Kearney Lake,97,0
Algonquin,Kearney Lake,98,0
Algonquin,Kearney Lake,99,0
Algonquin,Kearney Lake,100,0
Algonquin,Kearney Lake,101,0
Algonquin,Kearney Lake,102,0
Algonquin,Kearney Lake,103,0
Algonquin,Kearney Lake,104,0
Algonquin,Raccoon Lake,1,0
Algonquin,Raccoon Lake,2,0
Algonquin,Raccoon Lake,3,0
Algonquin,Raccoon Lake,4,0
Algonquin,Raccoon Lake,5,0
Algonquin,Raccoon Lake,6,0
Algonquin,Raccoon Lake,7,0
Algonquin,Raccoon Lake,8,0
Algonquin,Raccoon Lake,9,0
Algonquin,Raccoon Lake,10,0
Algonquin,Raccoon Lake,11,0
Algonquin,Raccoon Lake,12,0
Algonquin,Raccoon Lake,13,0
Algonquin,Raccoon Lake,14,0
Algonquin,Raccoon Lake,15,0
Algonquin,Raccoon Lake,16,0
Algonquin,Raccoon Lake,17,0
Algonquin,Raccoon Lake,18,0
Algonquin,Raccoon Lake,19,0
Algonquin,Raccoon Lake,20,0
Algonquin,Raccoon Lake,21,0
Algonquin,Raccoon Lake,22,0
Algonquin,Raccoon Lake,23,0
Algonquin,Raccoon Lake,24,0
Algonquin,Raccoon Lake,25,0
Algonquin,Raccoon Lake,26,0
Algonquin,Raccoon Lake,27,0
Algonquin,Raccoon Lake,28,0
Algonquin,Raccoon Lake,29,0
Algonquin,Raccoon Lake,30,0
Algonquin,Raccoon Lake,31,0
Algonquin,Raccoon Lake,32,0
Algonquin,Raccoon Lake,33,0
Algonquin,Raccoon Lake,34,0
Algonquin,Raccoon Lake,35,0
Algonquin,Raccoon Lake,36,0
Algonquin,Raccoon Lake,37,0
Algonquin,Raccoon Lake,38,0
Algonquin,Raccoon Lake,39,0
Algonquin,Raccoon Lake,40,0
Algonquin,Raccoon Lake,41,0
Algonquin,Raccoon Lake,42,0
Algonquin,Raccoon Lake,43,0
Algonquin,Raccoon Lake,44,0
Algonquin,Raccoon Lake,45,0
Algonquin,Raccoon Lake,46,0
Algonquin,Raccoon Lake,47,0
Algonquin,Raccoon Lake,48,0
Algonquin,Rock Lake,1,0
Algonquin,Rock Lake,2,0
Algonquin,Rock Lake,3,0
Algonquin,Rock Lake,4,0
Algonquin,Rock Lake,5,0
Algonquin,Rock Lake,6,0
Algonquin,Rock Lake,7,0
Algonquin,Rock Lake,8,0
Algonquin,Rock Lake,9,0
Algonquin,Rock Lake,10,0
Algonquin,Rock Lake,11,0
Algonquin,Rock Lake,12,0
Algonquin,Rock Lake,13,0
Algonquin,Rock Lake,14,0
Algonquin,Rock Lake,15,0
Algonquin,Rock Lake,16,0
Algonquin,Rock Lake,17,0
Algonquin,Rock Lake,18,0
Algonquin,Rock Lake,19,0
Algonquin,Rock Lake,20,0
Algonquin,Rock Lake,21,0
Algonquin,Rock Lake,22,0
Algonquin,Rock Lake,23,0
Algonquin,Rock Lake,24,0
Algonquin,Rock Lake,25,0
Algonquin,Rock Lake,26,0
Algonquin,Rock Lake,27,0
Algonquin,Rock Lake,28,0
Algonquin,Rock Lake,29,0
Algonquin,Rock Lake,30,0
Algonquin,Rock Lake,31,0
Algonquin,Rock Lake,32,0
Algonquin,Rock Lake,33,0
Algonquin,Rock Lake,34,0
Algonquin,Rock Lake,35,0
Algonquin,Rock Lake,36,0
Algonquin,Rock Lake,37,0
Algonquin,Rock Lake,38,0
Algonquin,Rock Lake,39,0
Algonquin,Rock Lake,40,0
Algonquin,Rock Lake,41,0
Algonquin,Rock Lake,42,0
Algonquin,Rock Lake,43,0
Algonquin,Rock Lake,44,0
Algonquin,Rock Lake,45,0
Algonquin,Rock Lake,46,0
Algonquin,Rock Lake,47,0
Algonquin,Rock Lake,48,0
Algonquin,Rock Lake,49,0
Algonquin,Rock Lake,50,0
Algonquin,Rock Lake,51,0
Algonquin,Rock Lake,52,0
Algonquin,Rock Lake,53,0
Algonquin,Rock Lake,54,0
Algonquin,Rock Lake,55,0
Algonquin,Rock Lake,56,0
Algonquin,Rock Lake,57,0
Algonquin,Rock Lake,58,0
Algonquin,Rock Lake,59,0
Algonquin,Rock Lake,60,0
Algonquin,Rock Lake,61,0
Algonquin,Rock Lake,62,0
Algonquin,Rock Lake,63,0
Algonquin,Rock Lake,64,0
Algonquin,Rock Lake,65,0
Algonquin,Rock Lake,66,0
Algonquin,Rock Lake,67,0
Algonquin,Rock Lake,68,0
Algonquin,Rock Lake,69,0
Algonquin,Rock Lake,70,0
Algonquin,Rock Lake,71,0
Algonquin,Rock Lake,72,0
Algonquin,Rock Lake,73,0
Algonquin,Rock Lake,74,0
Algonquin,Rock Lake,75,0
Algonquin,Rock Lake,76,0
Algonquin,Rock Lake,77,0
Algonquin,Rock Lake,78,0
Algonquin,Rock Lake,79,0
Algonquin,Rock Lake,80,0
Algonquin,Rock Lake,81,0
Algonquin,Rock Lake,82,0
Algonquin,Rock Lake,83,0
Algonquin,Rock Lake,84,0
Algonquin,Rock Lake,85,0
Algonquin,Rock Lake,86,0
Algonquin,Rock Lake,87,0
Algonquin,Rock Lake,88,0
Algonquin,Rock Lake,89,0
Algonquin,Rock Lake,90,0
Algonquin,Rock Lake,91,0
Algonquin,Rock Lake,92,0
Algonquin,Rock Lake,93,0
Algonquin,Rock Lake,94,0
Algonquin,Rock Lake,95,0
Algonquin,Rock Lake,96,0
Algonquin,Rock Lake,97,0
Algonquin,Rock Lake,98,0
Algonquin,Rock Lake,99,0
Algonquin,Rock Lake,100,0
Algonquin,Rock Lake,101,0
Algonquin,Rock Lake,102,0
Algonquin,Rock Lake,103,0
Algonquin,Rock Lake,104,0
Algonquin,Rock Lake,105,0
Algonquin,Rock Lake,106,0
Algonquin,Rock Lake,107,0
Algonquin,Rock Lake,108,0
Algonquin,Rock Lake,109,0
Algonquin,Rock Lake,110,0
Algonquin,Rock Lake,111,0
Algonquin,Rock Lake,112,0
Algonquin,Rock Lake,113,0
Algonquin,Rock Lake,114,0
Algonquin,Rock Lake,115,0
Algonquin,Rock Lake,116,0
Algonquin,Rock Lake,117,0
Algonquin,Rock Lake,118,0
Algonquin,Rock Lake,119,0
Algonquin,Rock Lake,120,0
Algonquin,Achray,1,0
Algonquin,Achray,2,0
Algonquin,Achray,3,0
Algonquin,Achray,4,0
Algonquin,Achray,5,0
Algonquin,Achray,6,0
Algonquin,Achray,7,0
Algonquin,Achray,8,0
Algonquin,Achray,9,0
Algonquin,Achray,10,0
Algonquin,Achray,11,0
Algonquin,Achray,12,0
Algonquin,Achray,13,0
Algonquin,Achray,14,0
Algonquin,Achray,15,0
Algonquin,Achray,16,0
Algonquin,Achray,17,0
Algonquin,Achray,18,0
Algonquin,Achray,19,0
Algonquin,Achray,20,0
Algonquin,Achray,21,0
Algonquin,Achray,22,0
Algonquin,Achray,23,0
Algonquin,Achray,24,0
Algonquin,Achray,25,0
Algonquin,Achray,26,0
Algonquin,Achray,27,0
Algonquin,Achray,28,0
Algonquin,Achray,29,0
Algonquin,Achray,30,0
Algonquin,Achray,31,0
Algonquin,Achray,32,0
Algonquin,Achray,33,0
Algonquin,Achray,34,0
Algonquin,Achray,35,0
Algonquin,Achray,36,0
Algonquin,Achray,37,0
Algonquin,Achray,38,0
Algonquin,Achray,39,0
Algonquin,Achray,40,0
Algonquin,Achray,41,0
Algonquin,Achray,42,0
Algonquin,Achray,43,0
Algonquin,Achray,44,0
Algonquin,Achray,45,0
Grundy Lake,White Spruce,1,0
Grundy Lake,White Spruce,2,0
Grundy Lake,White Spruce,3,0
Grundy Lake,White Spruce,4,0
Grundy Lake,White Spruce,5,0
Grundy Lake,White Spruce,6,0
Grundy Lake,White Spruce,7,0
Grundy Lake,White Spruce,8,0
Grundy Lake,White Spruce,9,0
Grundy Lake,White Spruce,10,0
Grundy Lake,White Spruce,11,0
Grundy Lake,White Spruce,12,0
Grundy Lake,White Spruce,13,0
Grundy Lake,White Spruce,14,0
Grundy Lake,White Spruce,15,0
Grundy Lake,White Spruce,16,0
Grundy Lake,White Spruce,17,0
Grundy Lake,White Spruce,18,0
Grundy Lake,White Spruce,19,0
Grundy Lake,White Spruce,20,0
Grundy Lake,White Spruce,21,0
Grundy Lake,White Spruce,22,0
Grundy Lake,White Spruce,23,0
Grundy Lake,White Spruce,24,0
Grundy Lake,White Spruce,25,0
Grundy Lake,White Spruce,26,0
Grundy Lake,White Spruce,27,0
Grundy Lake,White Spruce,28,0
Grundy Lake,White Spruce,29,0
Grundy Lake,White Spruce,30,0
Grundy Lake,White Spruce,31,0
Grundy Lake,White Spruce,32,0
Grundy Lake,Poplar,300,0
Grundy Lake,Poplar,301,0
Grundy Lake,Poplar,302,0
Grundy Lake,Poplar,303,0
Grundy Lake,Poplar,304,0
Grundy Lake,Poplar,305,0
Grundy Lake,Poplar,306,0
Grundy Lake,Poplar,307,0
Grundy Lake,Poplar,308,0
Grundy Lake,Poplar,309,0
Grundy Lake,Poplar,310,0
Grundy Lake,Poplar,311,0
Grundy Lake,Poplar,312,0
Grundy Lake,Poplar,313,0
Grundy Lake,Poplar,314,0
Grundy Lake,Poplar,315,0
Grundy Lake,Poplar,316,0
Grundy Lake,Poplar,317,0
Grundy Lake,Poplar,318,0
Grundy Lake,Poplar,319,0
Grundy Lake,Poplar,320,0
Grundy Lake,Poplar,321,0
Grundy Lake,Poplar,322,0
Grundy Lake,Poplar,323,0
Grundy Lake,Poplar,324,0
Grundy Lake,Poplar,325,0
Grundy Lake,Poplar,326,0
Grundy Lake,Poplar,327,0
Grundy Lake,Poplar,328,0
Grundy Lake,Poplar,329,0
Grundy Lake,Poplar,330,0
Grundy Lake,Poplar,331,0
Grundy Lake,Poplar,332,0
Grundy Lake,Poplar,333,0
Grundy Lake,Poplar,334,0
Grundy Lake,Poplar,335,0
Grundy Lake,Poplar,336,0
Grundy Lake,Poplar,337,0
Grundy Lake,Poplar,338,0
Grundy Lake,Poplar,339,0
Grundy Lake,Poplar,340,0
Grundy Lake,Poplar,341,0
Grundy Lake,Poplar,342,0
Grundy Lake,Poplar,343,0
Grundy Lake,Poplar,344,0
Grundy Lake,Poplar,345,0
Grundy Lake,Poplar,346,0
Grundy Lake,Poplar,347,0
Grundy Lake,Poplar,348,0
Grundy Lake,Poplar,349,0
Grundy Lake,Poplar,350,0
Grundy Lake,Poplar,351,0
Grundy Lake,Poplar,352,0
Grundy Lake,Poplar,353,0
Grundy Lake,Poplar,354,0
Grundy Lake,Poplar,355,0
Grundy Lake,Poplar,356,0
Grundy Lake,Poplar,357,0
Grundy Lake,Poplar,358,0
Grundy Lake,Poplar,359,0
Grundy Lake,Poplar,360,0
Grundy Lake,Poplar,361,0
Grundy Lake,Poplar,362,0
Grundy Lake,Poplar,363,0
Grundy Lake,Poplar,364,0
Grundy Lake,Poplar,365,0
Grundy Lake,Poplar,366,0
Grundy Lake,Poplar,367,0
Grundy Lake,Poplar,368,0
Grundy Lake,Poplar,369,0
Grundy Lake,Trailer,200,0
Grundy Lake,Trailer,201,0
Grundy Lake,Trailer,202,0
Grundy Lake,Trailer,203,0
Grundy Lake,Trailer,204,0
Grundy Lake,Trailer,205,0
Grundy Lake,Trailer,206,0
Grundy Lake,Trailer,207,0
Grundy Lake,Trailer,208,0
Grundy Lake,Trailer,209,0
Grundy Lake,Trailer,210,0
Grundy Lake,Trailer,211,0
Grundy Lake,Trailer,212,0
Grundy Lake,Trailer,213,0
Grundy Lake,Trailer,214,0
Grundy Lake,Trailer,215,0
Grundy Lake,Trailer,216,0
Grundy Lake,Trailer,217,0
Grundy Lake,Trailer,218,0
Grundy Lake,Trailer,219,0
Grundy Lake,Trailer,220,0
Grundy Lake,Trailer,221,0
Grundy Lake,Trailer,222,0
Grundy Lake,Trailer,223,0
Grundy Lake,Trailer,224,0
Grundy Lake,Trailer,225,0
Grundy Lake,Trailer,226,0
Grundy Lake,Trailer,227,0
Grundy Lake,Trailer,228,0
Grundy Lake,Trailer,229,0
Grundy Lake,Trailer,230,0
Grundy Lake,Trailer,231,0
Grundy Lake,Trailer,232,0
Grundy Lake,Trailer,233,0
Grundy Lake,Trailer,234,0
Grundy Lake,Trailer,235,0
Grundy Lake,Trailer,236,0
Grundy Lake,Hemlock,100,0
Grundy Lake,Hemlock,101,0
Grundy Lake,Hemlock,102,0
Grundy Lake,Hemlock,103,0
Grundy Lake,Hemlock,104,0
Grundy Lake,Hemlock,105,0
Grundy Lake,Hemlock,106,0
Grundy Lake,Hemlock,107,0
Grundy Lake,Hemlock,108,0
Grundy Lake,Hemlock,109,0
Grundy Lake,Hemlock,110,0
Grundy Lake,Hemlock,111,0
Grundy Lake,Hemlock,112,0
Grundy Lake,Hemlock,113,0
Grundy Lake,Hemlock,114,0
Grundy Lake,Hemlock,115,0
Grundy Lake,Hemlock,116,0
Grundy Lake,Hemlock,117,0
Grundy Lake,Hemlock,118,0
Grundy Lake,Hemlock,119,0
Grundy Lake,Hemlock,120,0
Grundy Lake,Hemlock,121,0
Grundy Lake,Hemlock,122,0
Grundy Lake,Hemlock,123,0
Grundy Lake,Hemlock,124,0
Grundy Lake,Hemlock,125,0
Grundy Lake,Hemlock,126,0
Grundy Lake,Hemlock,127,0
Grundy Lake,Hemlock,128,0
Grundy Lake,Hemlock,129,0
Grundy Lake,Hemlock,130,0
Grundy Lake,Hemlock,131,0
Grundy Lake,Hemlock,132,0
Grundy Lake,Hemlock,133,0
Grundy Lake,Hemlock,134,0
Grundy Lake,Hemlock,135,0
Grundy Lake,Hemlock,136,0
Grundy Lake,Hemlock,137,0
Grundy Lake,Hemlock,138,0
Grundy Lake,Hemlock,139,0
Grundy Lake,Hemlock,140,0
Grundy Lake,Hemlock,141,0
Grundy Lake,Hemlock,142,0
Grundy Lake,Hemlock,143,0
Grundy Lake,Hemlock,144,0
Grundy Lake,Hemlock,145,0
Grundy Lake,Hemlock,146,0
Grundy Lake,Hemlock,147,0
Grundy Lake,Hemlock,148,0
Grundy Lake,Hemlock,149,0
Grundy Lake,Hemlock,150,0
Grundy Lake,Hemlock,151,0
Grundy Lake,Hemlock,152,0
Grundy Lake,Hemlock,153,0
Grundy Lake,Hemlock,154,0
Grundy Lake,Hemlock,155,0
Grundy Lake,Hemlock,156,0
Grundy Lake,Hemlock,157,0
Grundy Lake,Hemlock,158,0
Grundy Lake,Hemlock,159,0
Grundy Lake,Hemlock,160,0
Grundy Lake,Hemlock,161,0
Grundy Lake,Hemlock,162,0
Grundy Lake,Hemlock,163,0
Grundy Lake,Hemlock,164,0
Grundy Lake,Hemlock,165,0
Grundy Lake,Red Maple,400,0
Grundy Lake,Red Maple,401,0
Grundy Lake,Red Maple,402,0
Grundy Lake,Red Maple,403,0
Grundy Lake,Red Maple,404,0
Grundy Lake,Red Maple,405,0
Grundy Lake,Red Maple,406,0
Grundy Lake,Red Maple,407,0
Grundy Lake,Red Maple,408,0
Grundy Lake,Red Maple,409,0
Grundy Lake,Red Maple,410,0
Grundy Lake,Red Maple,411,0
Grundy Lake,Red Maple,412,0
Grundy Lake,Red Maple,413,0
Grundy Lake,Red Maple,414,0
Grundy Lake,Red Maple,415,0
Grundy Lake,Red Maple,416,0
Grundy Lake,Red Maple,417,0
Grundy Lake,Red Maple,418,0
Grundy Lake,Red Maple,419,0
Grundy Lake,Red Maple,420,0
Grundy Lake,Red Maple,421,0
Grundy Lake,Red Maple,422,0
Grundy Lake,Red Maple,423,0
Grundy Lake,Red Maple,424,0
Grundy Lake,Red Maple,425,0
Grundy Lake,Red Maple,426,0
Grundy Lake,Red Maple,427,0
Grundy Lake,Red Maple,428,0
Grundy Lake,Red Maple,429,0
Grundy Lake,Red Maple,430,0
Grundy Lake,Red Maple,431,0
Grundy Lake,Red Maple,432,0
Grundy Lake,Red Maple,433,0
Grundy Lake,Red Maple,434,0
Grundy Lake,Red Maple,435,0
Grundy Lake,Red Maple,436,0
Grundy Lake,Red Maple,437,0
Grundy Lake,Red Maple,438,0
Grundy Lake,Red Maple,439,0
Grundy Lake,Red Maple,440,0
Grundy Lake,Red Maple,441,0
Grundy Lake,Red Maple,442,0
Grundy Lake,Red Maple,443,0
Grundy Lake,Red Maple,444,0
Grundy Lake,White Pine,500,0
Grundy Lake,White Pine,501,0
Grundy Lake,White Pine,502,0
Grundy Lake,White Pine,503,0
Grundy Lake,White Pine,504,0
Grundy Lake,White Pine,505,0
Grundy Lake,White Pine,506,0
Grundy Lake,White Pine,507,0
Grundy Lake,White Pine,508,0
Grundy Lake,White Pine,509,0
Grundy Lake,White Pine,510,0
Grundy Lake,White Pine,511,0
Grundy Lake,White Pine,512,0
Grundy Lake,White Pine,513,0
Grundy Lake,White Pine,514,0
Grundy Lake,White Pine,515,0
Grundy Lake,White Pine,516,0
Grundy Lake,White Pine,517,0
Grundy Lake,White Pine,518,0
Grundy Lake,White Pine,519,0
Grundy Lake,White Pine,520,0
Grundy Lake,White Pine,521,0
Grundy Lake,White Pine,522,0
Grundy Lake,White Pine,523,0
Grundy Lake,White Pine,524,0
Grundy Lake,White Pine,525,0
Grundy Lake,White Pine,526,0
Grundy Lake,White Pine,527,0
Grundy Lake,White Pine,528,0
Grundy Lake,White Pine,529,0
Grundy Lake,White Pine,530,0
Grundy Lake,White Pine,531,0
Grundy Lake,White Pine,532,0
Grundy Lake,White Pine,533,0
Grundy Lake,White Pine,534,0
Grundy Lake,White Pine,535,0
Grundy Lake,White Pine,536,0
Grundy Lake,White Pine,537,0
Grundy Lake,White Pine,538,0
Grundy Lake,White Pine,539,0
Grundy Lake,White Pine,540,0
Grundy Lake,White Pine,541,0
Grundy Lake,White Pine,542,0
Grundy Lake,White Pine,543,0
Grundy Lake,White Pine,544,0
Grundy Lake,White Pine,545,0
Grundy Lake,White Pine,546,0
Grundy Lake,White Pine,547,0
Grundy Lake,White Pine,548,0
Grundy Lake,White Pine,549,0
Grundy Lake,White Pine,550,0
Grundy Lake,White Pine,551,0
Grundy Lake,White Pine,552,0
Grundy Lake,White Pine,553,0
Grundy Lake,White Pine,554,0
Grundy Lake,White Pine,555,0
Grundy Lake,White Pine,556,0
Grundy Lake,White Pine,557,0
Grundy Lake,White Pine,558,0
Grundy Lake,White Pine,559,0
Grundy Lake,White Pine,560,0
Grundy Lake,White Pine,561,0
Grundy Lake,White Pine,562,0
Grundy Lake,White Pine,563,0
Grundy Lake,White Pine,564,0
Grundy Lake,White Pine,565,0
Grundy Lake,White Pine,566,0
Grundy Lake,White Birch,600,0
Grundy Lake,White Birch,601,0
Grundy Lake,White Birch,602,0
Grundy Lake,White Birch,603,0
Grundy Lake,White Birch,604,0
Grundy Lake,White Birch,605,0
Grundy Lake,White Birch,606,0
Grundy Lake,White Birch,607,0
Grundy Lake,White Birch,608,0
Grundy Lake,White Birch,609,0
Grundy Lake,White Birch,610,0
Grundy Lake,White Birch,611,0
Grundy Lake,White Birch,612,0
Grundy Lake,White Birch,613,0
Grundy Lake,White Birch,614,0
Grundy Lake,White Birch,615,0
Grundy Lake,White Birch,616,0
Grundy Lake,White Birch,617,0
Grundy Lake,White Birch,618,0
Grundy Lake,White Birch,619,0
Grundy Lake,White Birch,620,0
Grundy Lake,White Birch,621,0
Grundy Lake,White Birch,622,0
Grundy Lake,White Birch,623,0
Grundy Lake,White Birch,624,0
Grundy Lake,White Birch,625,0
Grundy Lake,White Birch,626,0
Grundy Lake,White Birch,627,0
Grundy Lake,White Birch,628,0
Grundy Lake,White Birch,629,0
Grundy Lake,White Birch,630,0
Grundy Lake,White Birch,631,0
Grundy Lake,White Birch,632,0
Grundy Lake,White Birch,633,0
Grundy Lake,White Birch,634,0
Grundy Lake,White Birch,635,0
Grundy Lake,White Birch,636,0
Grundy Lake,White Birch,637,0
Grundy Lake,White Birch,638,0
Grundy Lake,White Birch,639,0
Grundy Lake,White Birch,640,0
Grundy Lake,White Birch,641,0
Grundy Lake,White Birch,642,0
Grundy Lake,White Birch,643,0
Grundy Lake,White Birch,644,0
Grundy Lake,White Birch,645,0
Grundy Lake,White Birch,646,0
Grundy Lake,White Birch,647,0
Grundy Lake,White Birch,648,0
Grundy Lake,White Birch,649,0
Grundy Lake,White Birch,650,0
Grundy Lake,White Birch,651,0
Grundy Lake,White Birch,652,0
Grundy Lake,White Birch,653,0
Grundy Lake,White Birch,654,0
Grundy Lake,White Birch,655,0
Grundy Lake,White Birch,656,0
Grundy Lake,White Birch,657,0
Grundy Lake,Jack Pine,700,0
Grundy Lake,Jack Pine,701,0
Grundy Lake,Jack Pine,702,0
Grundy Lake,Jack Pine,703,0
Grundy Lake,Jack Pine,704,0
Grundy Lake,Jack Pine,705,0
Grundy Lake,Jack Pine,706,0
Grundy Lake,Jack Pine,707,0
Grundy Lake,Jack Pine,708,0
Grundy Lake,Jack Pine,709,0
Grundy Lake,Jack Pine,710,0
Grundy Lake,Jack Pine,711,0
Grundy Lake,Jack Pine,712,0
Grundy Lake,Jack Pine,713,0
Grundy Lake,Jack Pine,714,0
Grundy Lake,Jack Pine,715,0
Grundy Lake,Jack Pine,716,0
Grundy Lake,Jack Pine,717,0
Grundy Lake,Jack Pine,718,0
Grundy Lake,Jack Pine,719,0
Grundy Lake,Jack Pine,720,0
Grundy Lake,Jack Pine,721,0
Grundy Lake,Jack Pine,722,0
Grundy Lake,Jack Pine,723,0
Grundy Lake,Jack Pine,724,0
Grundy Lake,Jack Pine,725,0
Grundy Lake,Jack Pine,726,0
Grundy Lake,Jack Pine,727,0
Grundy Lake,Jack Pine,728,0
Grundy Lake,Jack Pine,729,0
Grundy Lake,Jack Pine,730,0
Grundy Lake,Jack Pine,731,0
Grundy Lake,Jack Pine,732,0
Grundy Lake,Jack Pine,733,0
Grundy Lake,Jack Pine,734,0
Grundy Lake,Jack Pine,735,0
Grundy Lake,Jack Pine,736,0
Grundy Lake,Jack Pine,737,0
Grundy Lake,Jack Pine,738,0
Grundy Lake,Jack Pine,739,0
Grundy Lake,Jack Pine,740,0
Grundy Lake,Jack Pine,741,0
Grundy Lake,Jack Pine,742,0
Grundy Lake,Jack Pine,743,0
Grundy Lake,Jack Pine,744,0
Grundy Lake,Jack Pine,745,0
Grundy Lake,Jack Pine,746,0
Grundy Lake,Jack Pine,747,0
Grundy Lake,Jack Pine,748,0
Grundy Lake,Jack Pine,749,0
Grundy Lake,Jack Pine,750,0
Grundy Lake,Jack Pine,751,0
Grundy Lake,Jack Pine,752,0
Grundy Lake,Jack Pine,753,0
Grundy Lake,Jack Pine,754,0
Grundy Lake,Jack Pine,755,0
Grundy Lake,Jack Pine,756,0
Grundy Lake,Balsam,818,0
Grundy Lake,Balsam,819,0
Grundy Lake,Balsam,820,0
Grundy Lake,Balsam,821,0
Grundy Lake,Balsam,822,0
Grundy Lake,Balsam,823,0
Grundy Lake,Balsam,824,0
Grundy Lake,Balsam,825,0
Grundy Lake,Balsam,826,0
Grundy Lake,Balsam,827,0
Grundy Lake,Balsam,828,0
Grundy Lake,Balsam,829,0
Grundy Lake,Balsam,830,0
Grundy Lake,Balsam,831,0
Grundy Lake,Balsam,832,0
Grundy Lake,Balsam,833,0
Grundy Lake,Balsam,834,0
Grundy Lake,Balsam,835,0
Grundy Lake,Balsam,836,0
Grundy Lake,Balsam,837,0
Grundy Lake,Balsam,838,0
Grundy Lake,Balsam,839,0
Grundy Lake,Balsam,840,0
Grundy Lake,Balsam,841,0
Grundy Lake,Balsam,842,0
Grundy Lake,Balsam,843,0
Grundy Lake,Balsam,844,0
Grundy Lake,Balsam,845,0
Grundy Lake,Balsam,846,0
Grundy Lake,Balsam,847,0
Grundy Lake,Balsam,848,0
Grundy Lake,Balsam,849,0
Grundy Lake,Balsam,850,0
Grundy Lake,Balsam,851,0
Grundy Lake,Balsam,852,0
Grundy Lake,Balsam,853,0
Grundy Lake,Balsam,854,0
Grundy Lake,Balsam,855,0
Grundy Lake,Balsam,856,0
Grundy Lake,Balsam,857,0
Grundy Lake,Balsam,858,0
Grundy Lake,Balsam,859,0
Grundy Lake,Balsam,860,0
Grundy Lake,Balsam,861,0
Grundy Lake,Balsam,862,0
Grundy Lake,Balsam,863,0
Grundy Lake,Backcountry,B1,0
Grundy Lake,Backcountry,B10,0
Grundy Lake,Backcountry,B2,0
Grundy Lake,Backcountry,B3,0
Grundy Lake,Backcountry,B4,0
Grundy Lake,Backcountry,B5,0
Grundy Lake,Backcountry,B6,0
Grundy Lake,Backcountry,B7,0
Grundy Lake,Backcountry,B8,0
Grundy Lake,Backcountry,B9,0
Killbear,Kilcoursie Bay,1,0
Killbear,Kilcoursie Bay,2,0
Killbear,Kilcoursie Bay,3,0
Killbear,Kilcoursie Bay,4,0
Killbear,Kilcoursie Bay,5,0
Killbear,Kilcoursie Bay,6,0
Killbear,Kilcoursie Bay,7,0
Killbear,Kilcoursie Bay,8,0
Killbear,Kilcoursie Bay,9,0
Killbear,Kilcoursie Bay,10,0
Killbear,Kilcoursie Bay,11,0
Killbear,Kilcoursie Bay,12,0
Killbear,Kilcoursie Bay,13,0
Killbear,Kilcoursie Bay,14,0
Killbear,Kilcoursie Bay,15,0
Killbear,Kilcoursie Bay,16,0
Killbear,Kilcoursie Bay,17,0
Killbear,Kilcoursie Bay,18,0
Killbear,Kilcoursie Bay,19,0
Killbear,Kilcoursie Bay,20,0
Killbear,Kilcoursie Bay,21,0
Killbear,Kilcoursie Bay,22,0
Killbear,Kilcoursie Bay,23,0
Killbear,Kilcoursie Bay,24,0
Killbear,Kilcoursie Bay,25,0
Killbear,Kilcoursie Bay,26,0
Killbear,Kilcoursie Bay,27,0
Killbear,Kilcoursie Bay,28,0
Killbear,Kilcoursie Bay,29,0
Killbear,Kilcoursie Bay,30,0
Killbear,Kilcoursie Bay,31,0
Killbear,Kilcoursie Bay,32,0
Killbear,Kilcoursie Bay,33,0
Killbear,Kilcoursie Bay,34,0
Killbear,Kilcoursie Bay,35,0
Killbear,Kilcoursie Bay,36,0
Killbear,Kilcoursie Bay,37,0
Killbear,Kilcoursie Bay,38,0
Killbear,Kilcoursie Bay,39,0
Killbear,Kilcoursie Bay,40,0
Killbear,Kilcoursie Bay,41,0
Killbear,Kilcoursie Bay,42,0
Killbear,Kilcoursie Bay,43,0
Killbear,Kilcoursie Bay,44,0
Killbear,Kilcoursie Bay,45,0
Killbear,Kilcoursie Bay,46,0
Killbear,Kilcoursie Bay,47,0
Killbear,Kilcoursie Bay,48,0
Killbear,Kilcoursie Bay,49,0
Killbear,Kilcoursie Bay,50,0
Killbear,Kilcoursie Bay,51,0
Killbear,Kilcoursie Bay,52,0
Killbear,Kilcoursie Bay,53,0
Killbear,Kilcoursie Bay,54,0
Killbear,Kilcoursie Bay,55,0
Killbear,Kilcoursie Bay,56,0
Killbear,Kilcoursie Bay,57,0
Killbear,Kilcoursie Bay,58,0
Killbear,Kilcoursie Bay,59,0
Killbear,Kilcoursie Bay,60,0
Killbear,Kilcoursie Bay,61,0
Killbear,Kilcoursie Bay,62,0
Killbear,Kilcoursie Bay,63,0
Killbear,Kilcoursie Bay,64,0
Killbear,Kilcoursie Bay,65,0
Killbear,Kilcoursie Bay,66,0
Killbear,Kilcoursie Bay,67,0
Killbear,Kilcoursie Bay,68,0
Killbear,Kilcoursie Bay,69,0
Killbear,Kilcoursie Bay,70,0
Killbear,Kilcoursie Bay,71,0
Killbear,Kilcoursie Bay,72,0
Killbear,Kilcoursie Bay,73,0
Killbear,Kilcoursie Bay,74,0
Killbear,Kilcoursie Bay,75,0
Killbear,Kilcoursie Bay,76,0
Killbear,Kilcoursie Bay,77,0
Killbear,Kilcoursie Bay,78,0
Killbear,Kilcoursie Bay,79,0
Killbear,Kilcoursie Bay,80,0
Killbear,Kilcoursie Bay,81,0
Killbear,Kilcoursie Bay,82,0
Killbear,Kilcoursie Bay,83,0
Killbear,Kilcoursie Bay,84,0
Killbear,Kilcoursie Bay,85,0
Killbear,Kilcoursie Bay,86,0
Killbear,Kilcoursie Bay,87,0
Killbear,Kilcoursie Bay,88,0
Killbear,Kilcoursie Bay,89,0
Killbear,Kilcoursie Bay,90,0
Killbear,Kilcoursie Bay,91,0
Killbear,Kilcoursie Bay,92,0
Killbear,Kilcoursie Bay,93,0
Killbear,Kilcoursie Bay,94,0
Killbear,Kilcoursie Bay,95,0
Killbear,Kilcoursie Bay,96,0
Killbear,Kilcoursie Bay,97,0
Killbear,Kilcoursie Bay,98,0
Killbear,Kilcoursie Bay,99,0
Killbear,Kilcoursie Bay,100,0
Killbear,Kilcoursie Bay,101,0
Killbear,Kilcoursie Bay,102,0
Killbear,Kilcoursie Bay,103,0
Killbear,Kilcoursie Bay,104,0
Killbear,Kilcoursie Bay,105,0
Killbear,Kilcoursie Bay,106,0
Killbear,Kilcoursie Bay,107,0
Killbear,Kilcoursie Bay,108,0
Killbear,Kilcoursie Bay,109,0
Killbear,Kilcoursie Bay,110,0
Killbear,Kilcoursie Bay,111,0
Killbear,Kilcoursie Bay,112,0
Killbear,Kilcoursie Bay,113,0
Killbear,Kilcoursie Bay,114,0
Killbear,Kilcoursie Bay,115,0
Killbear,Kilcoursie Bay,116,0
Killbear,Kilcoursie Bay,117,0
Killbear,Kilcoursie Bay,118,0
Killbear,Beaver Dams,204,0
Killbear,Beaver Dams,205,0
Killbear,Beaver Dams,206,0
Killbear,Beaver Dams,207,0
Killbear,Beaver Dams,208,0
Killbear,Beaver Dams,209,0
Killbear,Beaver Dams,210,0
Killbear,Beaver Dams,211,0
Killbear,Beaver Dams,212,0
Killbear,Beaver Dams,213,0
Killbear,Beaver Dams,214,0
Killbear,Beaver Dams,215,0
Killbear,Beaver Dams,216,0
Killbear,Beaver Dams,217,0
Killbear,Beaver Dams,218,0
Killbear,Beaver Dams,219,0
Killbear,Beaver Dams,220,0
Killbear,Beaver Dams,221,0
Killbear,Beaver Dams,222,0
Killbear,Beaver Dams,223,0
Killbear,Beaver Dams,224,0
Killbear,Beaver Dams,225,0
Killbear,Beaver Dams,226,0
Killbear,Beaver Dams,227,0
Killbear,Beaver Dams,228,0
Killbear,Beaver Dams,229,0
Killbear,Beaver Dams,230,0
Killbear,Beaver Dams,231,0
Killbear,Beaver Dams,232,0
Killbear,Beaver Dams,233,0
Killbear,Beaver Dams,234,0
Killbear,Beaver Dams,235,0
Killbear,Beaver Dams,236,0
Killbear,Beaver Dams,237,0
Killbear,Beaver Dams,238,0
Killbear,Beaver Dams,239,0
Killbear,Beaver Dams,240,0
Killbear,Beaver Dams,241,0
Killbear,Beaver Dams,242,0
Killbear,Beaver Dams,243,0
Killbear,Beaver Dams,244,0
Killbear,Beaver Dams,245,0
Killbear,Beaver Dams,246,0
Killbear,Beaver Dams,247,0
Killbear,Beaver Dams,248,0
Killbear,Beaver Dams,249,0
Killbear,Beaver Dams,250,0
Killbear,Beaver Dams,251,0
Killbear,Beaver Dams,252,0
Killbear,Beaver Dams,253,0
Killbear,Beaver Dams,254,0
Killbear,Beaver Dams,255,0
Killbear,Beaver Dams,256,0
Killbear,Beaver Dams,257,0
Killbear,Beaver Dams,258,0
Killbear,Beaver Dams,259,0
Killbear,Beaver Dams,260,0
Killbear,Beaver Dams,261,0
Killbear,Beaver Dams,262,0
Killbear,Beaver Dams,263,0
Killbear,Beaver Dams,264,0
Killbear,Beaver Dams,265,0
Killbear,Beaver Dams,266,0
Killbear,Beaver Dams,267,0
Killbear,Beaver Dams,268,0
Killbear,Beaver Dams,269,0
Killbear,Beaver Dams,270,0
Killbear,Beaver Dams,271,0
Killbear,Beaver Dams,272,0
Killbear,Beaver Dams,273,0
Killbear,Beaver Dams,274,0
Killbear,Beaver Dams,275,0
Killbear,Beaver Dams,276,0
Killbear,Beaver Dams,277,0
Killbear,Beaver Dams,278,0
Killbear,Beaver Dams,279,0
Killbear,Beaver Dams,280,0
Killbear,Beaver Dams,281,0
Killbear,Beaver Dams,282,0
Killbear,Beaver Dams,283,0
Killbear,Beaver Dams,284,0
Killbear,Beaver Dams,285,0
Killbear,Beaver Dams,286,0
Killbear,Beaver Dams,287,0
Killbear,Beaver Dams,288,0
Killbear,Beaver Dams,289,0
Killbear,Beaver Dams,290,0
Killbear,Beaver Dams,291,0
Killbear,Beaver Dams,292,0
Killbear,Beaver Dams,293,0
Killbear,Beaver Dams,294,0
Killbear,Beaver Dams,295,0
Killbear,Beaver Dams,296,0
Killbear,Beaver Dams,297,0
Killbear,Beaver Dams,298,0
Killbear,Beaver Dams,299,0
Killbear,Beaver Dams,300,0
Killbear,Beaver Dams,301,0
Killbear,Beaver Dams,302,0
Killbear,Beaver Dams,303,0
Killbear,Beaver Dams,304,0
Killbear,Beaver Dams,305,0
Killbear,Beaver Dams,306,0
Killbear,Beaver Dams,307,0
Killbear,Beaver Dams,308,0
Killbear,Beaver Dams,309,0
Killbear,Beaver Dams,310,0
Killbear,Beaver Dams,311,0
Killbear,Beaver Dams,312,0
Killbear,Beaver Dams,313,0
Killbear,Beaver Dams,314,0
Killbear,Beaver Dams,315,0
Killbear,Beaver Dams,316,0
Killbear,Beaver Dams,317,0
Killbear,Beaver Dams,318,0
Killbear,Beaver Dams,319,0
Killbear,Beaver Dams,320,0
Killbear,Beaver Dams,321,0
Killbear,Beaver Dams,322,0
Killbear,Beaver Dams,323,0
Killbear,Beaver Dams,324,0
Killbear,Beaver Dams,325,0
Killbear,Beaver Dams,326,0
Killbear,Beaver Dams,327,0
Killbear,Beaver Dams,328,0
Killbear,Beaver Dams,329,0
Killbear,Beaver Dams,330,0
Killbear,Beaver Dams,331,0
Killbear,Beaver Dams,332,0
Killbear,Beaver Dams,333,0
Killbear,Beaver Dams,334,0
Killbear,Beaver Dams,335,0
Killbear,Beaver Dams,336,0
Killbear,Beaver Dams,337,0
Killbear,Beaver Dams,338,0
Killbear,Beaver Dams,339,0
Killbear,Beaver Dams,340,0
Killbear,Beaver Dams,341,0
Killbear,Beaver Dams,342,0
Killbear,Beaver Dams,343,0
Killbear,Beaver Dams,344,0
Killbear,Beaver Dams,345,0
Killbear,Beaver Dams,346,0
Killbear,Beaver Dams,347,0
Killbear,Beaver Dams,348,0
Killbear,Beaver Dams,349,0
Killbear,Beaver Dams,350,0
Killbear,Beaver Dams,351,0
Killbear,Beaver Dams,352,0
Killbear,Beaver Dams,353,0
Killbear,Beaver Dams,354,0
Killbear,Beaver Dams,355,0
Killbear,Beaver Dams,356,0
Killbear,Beaver Dams,357,0
Killbear,Beaver Dams,358,0
Killbear,Beaver Dams,359,0
Killbear,Beaver Dams,360,0
Killbear,Beaver Dams,361,0
Killbear,Beaver Dams,362,0
Killbear,Beaver Dams,363,0
Killbear,Beaver Dams,364,0
Killbear,Beaver Dams,365,0
Killbear,Beaver Dams,366,0
Killbear,Beaver Dams,367,0
Killbear,Beaver Dams,368,0
Killbear,Beaver Dams,369,0
Killbear,Beaver Dams,370,0
Killbear,Beaver Dams,371,0
Killbear,Beaver Dams,372,0
Killbear,Beaver Dams,373,0
Killbear,Beaver Dams,374,0
Killbear,Beaver Dams,375,0
Killbear,Beaver Dams,376,0
Killbear,Beaver Dams,377,0
Killbear,Beaver Dams,378,0
Killbear,Granite Saddle,120,0
Killbear,Granite Saddle,121,0
Killbear,Granite Saddle,122,0
Killbear,Granite Saddle,123,0
Killbear,Granite Saddle,124,0
Killbear,Granite Saddle,125,0
Killbear,Granite Saddle,126,0
Killbear,Granite Saddle,127,0
Killbear,Granite Saddle,128,0
Killbear,Granite Saddle,129,0
Killbear,Granite Saddle,130,0
Killbear,Granite Saddle,131,0
Killbear,Granite Saddle,132,0
Killbear,Granite Saddle,133,0
Killbear,Granite Saddle,134,0
Killbear,Granite Saddle,135,0
Killbear,Granite Saddle,136,0
Killbear,Granite Saddle,137,0
Killbear,Granite Saddle,138,0
Killbear,Granite Saddle,139,0
Killbear,Granite Saddle,140,0
Killbear,Granite Saddle,141,0
Killbear,Granite Saddle,142,0
Killbear,Granite Saddle,143,0
Killbear,Granite Saddle,144,0
Killbear,Granite Saddle,145,0
Killbear,Granite Saddle,146,0
Killbear,Granite Saddle,147,0
Killbear,Granite Saddle,148,0
Killbear,Granite Saddle,149,0
Killbear,Granite Saddle,150,0
Killbear,Granite Saddle,151,0
Killbear,Granite Saddle,152,0
Killbear,Granite Saddle,153,0
Killbear,Granite Saddle,154,0
Killbear,Granite Saddle,155,0
Killbear,Granite Saddle,156,0
Killbear,Granite Saddle,157,0
Killbear,Granite Saddle,158,0
Killbear,Granite Saddle,159,0
Killbear,Granite Saddle,160,0
Killbear,Granite Saddle,161,0
Killbear,Granite Saddle,162,0
Killbear,Granite Saddle,163,0
Killbear,Granite Saddle,164,0
Killbear,Granite Saddle,165,0
Killbear,Granite Saddle,166,0
Killbear,Granite Saddle,167,0
Killbear,Granite Saddle,168,0
Killbear,Granite Saddle,169,0
Killbear,Granite Saddle,170,0
Killbear,Granite Saddle,171,0
Killbear,Granite Saddle,172,0
Killbear,Granite Saddle,173,0
Killbear,Granite Saddle,174,0
Killbear,Granite Saddle,175,0
Killbear,Granite Saddle,176,0
Killbear,Granite Saddle,177,0
Killbear,Granite Saddle,178,0
Killbear,Granite Saddle,179,0
Killbear,Granite Saddle,180,0
Killbear,Granite Saddle,181,0
Killbear,Granite Saddle,182,0
Killbear,Granite Saddle,183,0
Killbear,Granite Saddle,184,0
Killbear,Granite Saddle,185,0
Killbear,Granite Saddle,186,0
Killbear,Granite Saddle,187,0
Killbear,Granite Saddle,188,0
Killbear,Granite Saddle,189,0
Killbear,Granite Saddle,190,0
Killbear,Granite Saddle,191,0
Killbear,Granite Saddle,192,0
Killbear,Granite Saddle,193,0
Killbear,Granite Saddle,194,0
Killbear,Granite Saddle,195,0
Killbear,Granite Saddle,196,0
Killbear,Granite Saddle,197,0
Killbear,Granite Saddle,198,0
Killbear,Granite Saddle,199,0
Killbear,Granite Saddle,200,0
Killbear,Granite Saddle,201,0
Killbear,Granite Saddle,202,0
Killbear,Granite Saddle,203,0
Killbear,Georgian,400,0
Killbear,Georgian,401,0
Killbear,Georgian,402,0
Killbear,Georgian,403,0
Killbear,Georgian,404,0
Killbear,Georgian,405,0
Killbear,Georgian,406,0
Killbear,Georgian,407,0
Killbear,Georgian,408,0
Killbear,Georgian,409,0
Killbear,Georgian,410,0
Killbear,Georgian,411,0
Killbear,Georgian,412,0
Killbear,Georgian,413,0
Killbear,Georgian,414,0
Killbear,Georgian,415,0
Killbear,Georgian,416,0
Killbear,Georgian,417,0
Killbear,Georgian,418,0
Killbear,Georgian,419,0
Killbear,Georgian,420,0
Killbear,Georgian,421,0
Killbear,Georgian,422,0
Killbear,Georgian,423,0
Killbear,Georgian,424,0
Killbear,Georgian,425,0
Killbear,Georgian,426,0
Killbear,Georgian,427,0
Killbear,Georgian,428,0
Killbear,Georgian,429,0
Killbear,Georgian,430,0
Killbear,Georgian,431,0
Killbear,Georgian,432,0
Killbear,Georgian,433,0
Killbear,Georgian,434,0
Killbear,Georgian,435,0
Killbear,Georgian,436,0
Killbear,Georgian,437,0
Killbear,Georgian,438,0
Killbear,Georgian,439,0
Killbear,Georgian,440,0
Killbear,Georgian,441,0
Killbear,Georgian,442,0
Killbear,Georgian,443,0
Killbear,Georgian,444,0
Killbear,Georgian,445,0
Killbear,Georgian,446,0
Killbear,Georgian,447,0
Killbear,Georgian,448,0
Killbear,Georgian,449,0
Killbear,Georgian,450,0
Killbear,Georgian,451,0
Killbear,Georgian,452,0
Killbear,Georgian,453,0
Killbear,Georgian,454,0
Killbear,Georgian,455,0
Killbear,Georgian,456,0
Killbear,Georgian,457,0
Killbear,Georgian,458,0
Killbear,Georgian,459,0
Killbear,Georgian,460,0
Killbear,Georgian,461,0
Killbear,Georgian,462,0
Killbear,Georgian,463,0
Killbear,Georgian,464,0
Killbear,Georgian,465,0
Killbear,Georgian,466,0
Killbear,Georgian,467,0
Killbear,Georgian,468,0
Killbear,Georgian,469,0
Killbear,Georgian,470,0
Killbear,Georgian,471,0
Killbear,Georgian,472,0
Killbear,Georgian,473,0
Killbear,Georgian,474,0
Killbear,Georgian,475,0
Killbear,Georgian,476,0
Killbear,Harold Point,500,0
Killbear,Harold Point,501,0
Killbear,Harold Point,502,0
Killbear,Harold Point,503,0
Killbear,Harold Point,504,0
Killbear,Harold Point,505,0
Killbear,Harold Point,506,0
Killbear,Harold Point,507,0
Killbear,Harold Point,508,0
Killbear,Harold Point,509,0
Killbear,Harold Point,510,0
Killbear,Harold Point,511,0
Killbear,Harold Point,512,0
Killbear,Harold Point,513,0
Killbear,Harold Point,514,0
Killbear,Harold Point,515,0
Killbear,Harold Point,516,0
Killbear,Harold Point,517,0
Killbear,Harold Point,518,0
Killbear,Harold Point,519,0
Killbear,Harold Point,520,0
Killbear,Harold Point,521,0
Killbear,Harold Point,522,0
Killbear,Harold Point,523,0
Killbear,Harold Point,524,0
Killbear,Harold Point,525,0
Killbear,Harold Point,526,0
Killbear,Harold Point,527,0
Killbear,Harold Point,528,0
Killbear,Harold Point,529,0
Killbear,Harold Point,530,0
Killbear,Harold Point,531,0
Killbear,Harold Point,532,0
Killbear,Harold Point,533,0
Killbear,Harold Point,534,0
Killbear,Harold Point,535,0
Killbear,Harold Point,536,0
Killbear,Harold Point,537,0
Killbear,Harold Point,538,0
Killbear,Harold Point,539,0
Killbear,Harold Point,540,0
Killbear,Harold Point,541,0
Killbear,Harold Point,542,0
Killbear,Harold Point,543,0
Killbear,Harold Point,544,0
Killbear,Harold Point,545,0
Killbear,Harold Point,546,0
Killbear,Harold Point,547,0
Killbear,Harold Point,548,0
Killbear,Harold Point,549,0
Killbear,Harold Point,550,0
Killbear,Harold Point,551,0
Killbear,Harold Point,552,0
Killbear,Harold Point,553,0
Killbear,Harold Point,554,0
Killbear,Harold Point,555,0
Killbear,Harold Point,556,0
Killbear,Harold Point,557,0
Killbear,Harold Point,558,0
Killbear,Harold Point,559,0
Killbear,Harold Point,560,0
Killbear,Harold Point,561,0
Killbear,Harold Point,562,0
Killbear,Harold Point,563,0
Killbear,Harold Point,564,0
Killbear,Harold Point,565,0
Killbear,Harold Point,566,0
Killbear,Harold Point,567,0
Killbear,Harold Point,568,0
Killbear,Harold Point,569,0
Killbear,Harold Point,570,0
Killbear,Harold Point,571,0
Killbear,Harold Point,572,0
Killbear,Harold Point,573,0
Killbear,Harold Point,574,0
Killbear,Harold Point,575,0
Killbear,Harold Point,576,0
Killbear,Harold Point,577,0
Killbear,Harold Point,578,0
Killbear,Harold Point,579,0
Killbear,Harold Point,580,0
Killbear,Harold Point,581,0
Killbear,Harold Point,582,0
Killbear,Harold Point,583,0
Killbear,Harold Point,584,0
Killbear,Harold Point,585,0
Killbear,Harold Point,586,0
Killbear,Harold Point,587,0
Killbear,Harold Point,588,0
Killbear,Harold Point,589,0
Killbear,Harold Point,590,0
Killbear,Harold Point,591,0
Killbear,Harold Point,592,0
Killbear,Harold Point,593,0
Killbear,Harold Point,594,0
Killbear,Harold Point,595,0
Killbear,Harold Point,596,0
Killbear,Harold Point,597,0
Killbear,Harold Point,598,0
Killbear,Harold Point,599,0
Killbear,Harold Point,600,0
Killbear,Harold Point,601,0
Killbear,Harold Point,602,0
Killbear,Harold Point,603,0
Killbear,Harold Point,604,0
Killbear,Harold Point,605,0
Killbear,Harold Point,606,0
Killbear,Harold Point,607,0
Killbear,Harold Point,608,0
Killbear,Harold Point,609,0
Killbear,Harold Point,610,0
Killbear,Harold Point,611,0
Killbear,Harold Point,612,0
Killbear,Harold Point,613,0
Killbear,Harold Point,614,0
Killbear,Harold Point,615,0
Killbear,Harold Point,616,0
Killbear,Harold Point,617,0
Killbear,Harold Point,618,0
Killbear,Harold Point,619,0
Killbear,Harold Point,620,0
Killbear,Harold Point,621,0
Killbear,Harold Point,622,0
Killbear,Harold Point,623,0
Killbear,Harold Point,624,0
Killbear,Harold Point,625,0
Killbear,Harold Point,626,0
Killbear,Harold Point,627,0
Killbear,Harold Point,628,0
Killbear,Harold Point,629,0
Killbear,Harold Point,630,0
Killbear,Harold Point,631,0
Killbear,Lighthouse Point,632,0
Killbear,Lighthouse Point,633,0
Killbear,Lighthouse Point,634,0
Killbear,Lighthouse Point,635,0
Killbear,Lighthouse Point,636,0
Killbear,Lighthouse Point,637,0
Killbear,Lighthouse Point,638,0
Killbear,Lighthouse Point,639,0
Killbear,Lighthouse Point,640,0
Killbear,Lighthouse Point,641,0
Killbear,Lighthouse Point,642,0
Killbear,Lighthouse Point,643,0
Killbear,Lighthouse Point,644,0
Killbear,Lighthouse Point,645,0
Killbear,Lighthouse Point,646,0
Killbear,Lighthouse Point,647,0
Killbear,Lighthouse Point,648,0
Killbear,Lighthouse Point,649,0
Killbear,Lighthouse Point,650,0
Killbear,Lighthouse Point,651,0
Killbear,Lighthouse Point,652,0
Killbear,Lighthouse Point,653,0
Killbear,Lighthouse Point,654,0
Killbear,Lighthouse Point,655,0
Killbear,Lighthouse Point,656,0
Killbear,Lighthouse Point,657,0
Killbear,Lighthouse Point,658,0
Killbear,Lighthouse Point,659,0
Killbear,Lighthouse Point,660,0
Killbear,Lighthouse Point,661,0
Killbear,Lighthouse Point,662,0
Killbear,Lighthouse Point,663,0
Killbear,Lighthouse Point,664,0
Killbear,Lighthouse Point,665,0
Killbear,Lighthouse Point,666,0
Killbear,Lighthouse Point,667,0
Killbear,Lighthouse Point,668,0
Killbear,Lighthouse Point,669,0
Killbear,Lighthouse Point,670,0
Killbear,Lighthouse Point,671,0
Killbear,Lighthouse Point,672,0
Killbear,Lighthouse Point,673,0
Killbear,Lighthouse Point,674,0
Killbear,Lighthouse Point,675,0
Killbear,Lighthouse Point,676,0
Killbear,Lighthouse Point,677,0
Killbear,Lighthouse Point,678,0
Killbear,Lighthouse Point,679,0
Killbear,Lighthouse Point,680,0
Killbear,Lighthouse Point,681,0
Killbear,Lighthouse Point,682,0
Killbear,Lighthouse Point,683,0
Killbear,Lighthouse Point,684,0
Killbear,Lighthouse Point,685,0
Killbear,Lighthouse Point,686,0
Killbear,Lighthouse Point,687,0
Killbear,Lighthouse Point,688,0
Killbear,Lighthouse Point,689,0
Killbear,Lighthouse Point,690,0
Killbear,Lighthouse Point,691,0
Killbear,Lighthouse Point,692,0
Killbear,Lighthouse Point,693,0
Killbear,Lighthouse Point,694,0
Killbear,Lighthouse Point,695,0
Killbear,Lighthouse Point,696,0
Killbear,Lighthouse Point,697,0
Killbear,Lighthouse Point,698,0
Killbear,Lighthouse Point,699,0
Killbear,Lighthouse Point,700,0
Killbear,Blind Bay,701,0
Killbear,Blind Bay,702,0
Killbear,Blind Bay,703,0
Killbear,Blind Bay,704,0
Killbear,Blind Bay,705,0
Killbear,Blind Bay,706,0
Killbear,Blind Bay,707,0
Killbear,Blind Bay,708,0
Killbear,Blind Bay,709,0
Killbear,Blind Bay,710,0
Killbear,Blind Bay,711,0
Killbear,Blind Bay,712,0
Killbear,Blind Bay,713,0
Killbear,Blind Bay,714,0
Killbear,Blind Bay,715,0
Killbear,Blind Bay,716,0
Killbear,Blind Bay,717,0
Killbear,Blind Bay,718,0
Killbear,Blind Bay,719,0
Killbear,Blind Bay,720,0
Killbear,Blind Bay,721,0
Killbear,Blind Bay,722,0
Killbear,Blind Bay,723,0
Killbear,Blind Bay,724,0
Killbear,Blind Bay,725,0
Killbear,Blind Bay,726,0
Killbear,Blind Bay,727,0
Killbear,Blind Bay,728,0
Killbear,Blind Bay,729,0
Killbear,Blind Bay,730,0
Killbear,Blind Bay,731,0
Killbear,Blind Bay,732,0
Killbear,Blind Bay,733,0
Killbear,Blind Bay,734,0
Killbear,Blind Bay,735,0
Killbear,Blind Bay,736,0
Killbear,Blind Bay,737,0
Killbear,Blind Bay,738,0
Killbear,Blind Bay,739,0
Killbear,Blind Bay,740,0
Killbear,Blind Bay,741,0
Killbear,Blind Bay,742,0
Killbear,Blind Bay,743,0
Killbear,Blind Bay,744,0
Killbear,Blind Bay,745,0
Killbear,Blind Bay,746,0
Killbear,Blind Bay,747,0
Killbear,Blind Bay,748,0
Killbear,Blind Bay,749,0
Killbear,Blind Bay,750,0
Killbear,Blind Bay,751,0
Killbear,Blind Bay,752,0
Killbear,Blind Bay,753,0
Killbear,Blind Bay,754,0
Killbear,Blind Bay,755,0
Killbear,Blind Bay,756,0
Killbear,Blind Bay,757,0
Killbear,Blind Bay,758,0
Killbear,Blind Bay,759,0
Killbear,Blind Bay,760,0
Killbear,Blind Bay,761,0
Killbear,Blind Bay,762,0
Killbear,Blind Bay,763,0
Killbear,Blind Bay,764,0
Killbear,Blind Bay,765,0
Killbear,Blind Bay,766,0
Killbear,Blind Bay,767,0
Killbear,Blind Bay,768,0
Killbear,Blind Bay,769,0
Killbear,Blind Bay,770,0
Killbear,Blind Bay,771,0
Killbear,Blind Bay,772,0
Killbear,Blind Bay,773,0
Killbear,Blind Bay,774,0
Killbear,Blind Bay,775,0
Killbear,Blind Bay,776,0
Killbear,Blind Bay,777,0
Killbear,Blind Bay,778,0
Killbear,Blind Bay,779,0
Killbear,Blind Bay,780,0
Killbear,Blind Bay,781,0
Killbear,Blind Bay,782,0
Killbear,Blind Bay,783,0
Killbear,Blind Bay,784,0
Killbear,Blind Bay,785,0
Killbear,Blind Bay,786,0
Killbear,Blind Bay,787,0
Killbear,Blind Bay,788,0
Killbear,Blind Bay,789,0
Killbear,Blind Bay,790,0
Killbear,Blind Bay,791,0
Killbear,Blind Bay,792,0
Killbear,Blind Bay,793,0
Killbear,Blind Bay,794,0
Killbear,Blind Bay,795,0
Killbear,Blind Bay,796,0
Killbear,Blind Bay,797,0
Killbear,Blind Bay,798,0
Killbear,Blind Bay,799,0
Killbear,Blind Bay,800,0
Killbear,Blind Bay,801,0
Killbear,Blind Bay,802,0
Killbear,Blind Bay,803,0
Killbear,Blind Bay,804,0
Killbear,Blind Bay,805,0
Killbear,Blind Bay,806,0
Killbear,Blind Bay,807,0
Killbear,Blind Bay,808,0
Killbear,Blind Bay,809,0
Killbear,Blind Bay,810,0
Killbear,Blind Bay,811,0
Killbear,Blind Bay,812,0
Killbear,Blind Bay,813,0
Killbear,Blind Bay,814,0
Killbear,Blind Bay,815,0
Killbear,Blind Bay,816,0
Killbear,Blind Bay,817,0
Killbear,Blind Bay,818,0
Killbear,Blind Bay,819,0
Killbear,Blind Bay,820,0
Killbear,Blind Bay,821,0
Killbear,Blind Bay,822,0
Killbear,Blind Bay,823,0
Killbear,Blind Bay,824,0
Killbear,Blind Bay,825,0
Killbear,Blind Bay,826,0
Killbear,Blind Bay,827,0
Killbear,Blind Bay,828,0
Killbear,Blind Bay,829,0
Killbear,Blind Bay,830,0
Killbear,Blind Bay,831,0
Killbear,Blind Bay,832,0
Killbear,Blind Bay,833,0
Killbear,Blind Bay,834,0
Killbear,Blind Bay,835,0
Killbear,Blind Bay,836,0
Killbear,Blind Bay,837,0
Killbear,Blind Bay,838,0
Killbear,Blind Bay,839,0
Killbear,Blind Bay,840,0
Killbear,Blind Bay,841,0
Killbear,Blind Bay,842,0
Killbear,Blind Bay,843,0
Killbear,Blind Bay,844,0
Killbear,Blind Bay,845,0
Killbear,Blind Bay,846,0
Killbear,Blind Bay,847,0
Killbear,Blind Bay,848,0
Killbear,Blind Bay,849,0
Killbear,Blind Bay,850,0
Killbear,Blind Bay,851,0
Killbear,Blind Bay,852,0
Killbear,Blind Bay,853,0
Killbear,Blind Bay,854,0
Killbear,Blind Bay,855,0
Killbear,Blind Bay,856,0
Killbear,Blind Bay,857,0
Killbear,Blind Bay,858,0
Killbear,Blind Bay,859,0
Killbear,Blind Bay,860,0
Killbear,Blind Bay,861,0
Killbear,Blind Bay,862,0
Killbear,Blind Bay,863,0
Killbear,Blind Bay,864,0
Killbear,Blind Bay,865,0
Killbear,Blind Bay,866,0
Killbear,Blind Bay,867,0
Killbear,Blind Bay,868,0
Killbear,Blind Bay,869,0
Killbear,Blind Bay,870,0
Killbear,Blind Bay,871,0
Killbear,Blind Bay,872,0
Killbear,Blind Bay,873,0
Killbear,Blind Bay,874,0
Killbear,Blind Bay,875,0
Killbear,Blind Bay,876,0
Killbear,Blind Bay,877,0
Killbear,Blind Bay,878,0
Killbear,Blind Bay,879,0
Killbear,Blind Bay,880,0
Killbear,Blind Bay,881,0
